timestamp,hour,is_peak_hour,house1_current,house2_current,house3_current,house4_current,house5_current,total_current,current_change_rate,overload_flag,main_contributor
0,3,0,0.72,2.42,1.0,1.24,1.19,6.57,-3.43,0,2
1,23,0,2.38,1.2,1.61,0.81,0.99,6.99,0.42,0,1
2,21,1,2.31,0.54,2.45,3.01,4.11,12.42,5.43,0,5
3,4,0,0.64,0.87,0.5,2.15,1.8,5.96,-6.46,0,4
4,9,0,2.01,0.58,1.23,2.17,2.47,8.46,2.5,0,5
5,0,0,1.58,0.87,1.16,1.88,1.89,7.38,-1.08,0,5
6,21,1,1.66,3.16,0.76,3.09,2.83,11.5,4.12,0,2
7,16,0,1.96,2.1,0.55,2.22,2.48,9.31,-2.19,0,5
8,19,1,2.0,2.9,1.63,2.78,3.28,12.59,3.28,0,5
9,23,0,0.64,1.62,0.76,1.42,1.31,5.75,-6.84,0,2
10,16,0,2.11,1.44,2.05,1.6,2.37,9.57,3.82,0,5
11,10,0,1.89,1.15,2.02,1.38,0.67,7.11,-2.46,0,3
12,7,1,3.16,0.98,2.26,1.53,0.79,8.72,1.61,0,1
13,17,0,1.94,0.92,2.13,1.82,1.39,8.2,-0.52,0,3
14,20,1,1.0,3.88,0.65,0.75,2.98,9.26,1.06,0,2
15,6,1,1.63,3.18,2.08,3.29,2.74,12.92,3.66,0,4
16,19,1,2.13,1.92,3.79,3.48,4.19,15.51,2.59,0,5
17,10,0,2.02,2.29,2.18,1.17,1.42,9.08,-6.43,0,2
18,12,0,0.64,1.28,1.36,1.22,1.56,6.06,-3.02,0,5
19,0,0,2.48,0.53,1.69,1.89,1.68,8.27,2.21,0,1
20,5,0,0.88,1.27,1.98,0.63,1.26,6.02,-2.25,0,3
21,0,0,1.73,0.61,0.85,2.41,1.36,6.96,0.94,0,4
22,15,0,1.64,2.21,0.96,2.19,1.33,8.33,1.37,0,2
23,18,1,3.72,1.84,4.92,4.98,0.91,16.37,8.04,0,4
24,7,1,0.63,1.15,1.12,3.41,3.75,10.06,-6.31,0,5
25,11,0,2.24,1.84,2.02,1.44,1.87,9.41,-0.65,0,1
26,19,1,3.96,0.72,3.57,1.61,0.79,10.65,1.24,0,1
27,13,0,2.09,2.2,1.3,2.43,2.19,10.21,-0.44,0,4
28,18,1,2.18,2.5,2.04,1.29,0.79,8.8,-1.41,0,2
29,20,1,4.4,3.82,2.81,4.63,4.77,20.43,11.63,1,5
30,19,1,4.14,1.37,4.3,4.18,4.75,18.74,-1.69,1,5
31,10,0,0.53,1.61,2.11,0.94,1.17,6.36,-12.38,0,3
32,3,0,1.24,1.07,2.35,2.05,1.07,7.78,1.42,0,3
33,20,1,1.96,3.37,3.67,1.15,4.47,14.62,6.84,0,5
34,18,1,4.39,3.23,4.59,4.31,4.54,21.06,6.44,1,3
35,0,0,1.58,1.38,2.1,1.05,0.69,6.8,-14.26,0,3
36,15,0,2.48,2.34,1.19,0.69,1.73,8.43,1.63,0,1
37,11,0,0.6,2.0,1.9,1.84,2.0,8.34,-0.09,0,2
38,4,0,1.18,1.84,1.15,0.67,1.84,6.68,-1.66,0,2
39,14,0,0.84,1.67,1.6,0.77,2.12,7.0,0.32,0,5
40,19,1,4.7,4.13,2.72,1.39,4.77,17.71,10.71,0,5
41,8,1,3.19,4.42,4.49,1.6,2.59,16.29,-1.42,0,3
42,7,1,1.35,4.5,3.64,1.55,2.74,13.78,-2.51,0,2
43,16,0,1.9,2.02,1.75,2.33,1.2,9.2,-4.58,0,4
44,8,1,3.76,3.9,4.39,4.46,4.22,20.73,11.53,1,4
45,18,1,2.25,4.55,3.16,0.81,2.37,13.14,-7.59,0,2
46,8,1,3.62,0.92,1.39,0.8,4.47,11.2,-1.94,0,5
47,7,1,3.64,1.41,4.08,2.01,1.09,12.23,1.03,0,3
48,10,0,1.76,2.1,1.55,1.76,2.02,9.19,-3.04,0,2
49,20,1,1.36,4.08,0.68,1.03,2.88,10.03,0.84,0,2
50,7,1,3.82,3.53,3.59,3.81,2.9,17.65,7.62,0,1
51,14,0,1.98,1.71,0.67,1.34,1.02,6.72,-10.93,0,1
52,17,0,0.73,1.65,2.27,0.55,2.43,7.63,0.91,0,5
53,9,0,1.67,1.68,1.06,0.89,0.89,6.19,-1.44,0,2
54,14,0,1.83,1.01,2.35,1.1,1.83,8.12,1.93,0,3
55,14,0,1.51,2.07,0.58,1.43,1.61,7.2,-0.92,0,2
56,4,0,2.23,1.55,1.09,0.88,1.49,7.24,0.04,0,1
57,23,0,2.39,2.34,1.59,1.14,0.63,8.09,0.85,0,1
58,1,0,1.61,2.19,1.68,1.43,0.56,7.47,-0.62,0,2
59,2,0,1.44,1.74,0.85,1.01,2.46,7.5,0.03,0,5
60,17,0,0.62,0.56,2.05,1.33,2.34,6.9,-0.6,0,5
61,5,0,0.74,1.61,1.41,1.77,0.79,6.32,-0.58,0,4
62,13,0,0.95,1.0,1.0,0.65,2.44,6.04,-0.28,0,5
63,0,0,1.97,2.5,0.73,1.78,1.1,8.08,2.04,0,2
64,18,1,3.28,1.18,4.18,2.1,2.79,13.53,5.45,0,3
65,9,0,0.65,0.7,0.94,2.17,1.32,5.78,-7.75,0,4
66,3,0,1.28,2.36,0.98,2.05,1.16,7.83,2.05,0,2
67,22,0,1.76,1.26,1.2,0.73,1.87,6.82,-1.01,0,5
68,19,1,4.38,2.82,2.09,0.6,1.68,11.57,4.75,0,1
69,6,1,3.11,3.83,0.94,2.22,1.57,11.67,0.1,0,2
70,0,0,0.61,0.83,1.42,0.62,2.0,5.48,-6.19,0,5
71,20,1,1.75,2.18,0.87,3.53,4.23,12.56,7.08,0,5
72,5,0,1.98,1.72,2.02,2.18,1.26,9.16,-3.4,0,4
73,21,1,0.77,4.44,2.91,3.38,4.43,15.93,6.77,0,2
74,17,0,2.18,2.41,0.52,1.86,1.75,8.72,-7.21,0,2
75,14,0,0.67,1.95,0.55,0.75,0.62,4.54,-4.18,0,2
76,12,0,1.26,2.14,1.35,1.21,1.82,7.78,3.24,0,2
77,3,0,0.89,1.77,0.51,2.36,1.49,7.02,-0.76,0,4
78,9,0,0.97,1.14,0.63,2.48,2.25,7.47,0.45,0,4
79,4,0,1.3,0.59,1.65,2.18,1.85,7.57,0.1,0,4
80,13,0,1.11,2.5,0.73,0.56,0.73,5.63,-1.94,0,2
81,8,1,2.49,0.5,2.65,4.94,3.54,14.12,8.49,0,4
82,19,1,2.19,1.74,4.79,3.11,4.93,16.76,2.64,0,5
83,3,0,1.28,2.28,0.65,1.56,0.75,6.52,-10.24,0,2
84,18,1,1.7,2.09,3.64,2.48,3.73,13.64,7.12,0,5
85,12,0,1.37,0.94,1.15,2.08,1.12,6.66,-6.98,0,4
86,10,0,1.31,1.57,2.27,1.66,1.16,7.97,1.31,0,3
87,19,1,4.43,4.62,4.62,1.05,1.51,16.23,8.26,0,2
88,0,0,0.74,0.63,1.03,0.92,1.44,4.76,-11.47,0,5
89,9,0,0.76,1.87,1.96,1.4,0.66,6.65,1.89,0,3
90,4,0,0.56,2.37,2.19,1.17,2.39,8.68,2.03,0,5
91,22,0,2.13,1.86,2.39,0.5,1.19,8.07,-0.61,0,3
92,0,0,1.12,1.25,2.38,1.54,1.97,8.26,0.19,0,3
93,15,0,0.68,1.42,2.1,2.13,1.83,8.16,-0.1,0,4
94,1,0,1.8,0.94,1.49,0.69,1.92,6.84,-1.32,0,5
95,23,0,0.57,1.93,0.89,0.62,2.47,6.48,-0.36,0,5
96,5,0,1.32,2.08,1.45,2.01,2.31,9.17,2.69,0,5
97,10,0,2.06,1.95,0.92,1.0,2.32,8.25,-0.92,0,5
98,14,0,0.61,2.44,0.72,0.66,1.49,5.92,-2.33,0,2
99,14,0,0.97,1.63,1.82,1.59,2.03,8.04,2.12,0,5
100,20,1,4.47,3.25,2.87,1.16,2.4,14.15,6.11,0,1
101,15,0,1.01,1.71,1.99,0.84,1.35,6.9,-7.25,0,3
102,3,0,2.12,2.21,2.04,1.99,0.87,9.23,2.33,0,2
103,7,1,2.53,0.61,0.58,3.0,1.85,8.57,-0.66,0,4
104,5,0,0.87,2.3,1.03,1.97,2.49,8.66,0.09,0,5
105,1,0,0.63,0.9,1.97,2.0,0.51,6.01,-2.65,0,4
106,6,1,3.71,0.78,4.07,1.89,2.09,12.54,6.53,0,3
107,14,0,2.48,0.71,1.12,2.07,1.18,7.56,-4.98,0,1
108,16,0,2.33,0.89,2.1,2.32,0.61,8.25,0.69,0,1
109,5,0,0.74,2.46,1.96,1.07,1.84,8.07,-0.18,0,2
110,21,1,1.44,4.95,1.63,1.41,2.14,11.57,3.5,0,2
111,10,0,0.51,2.26,1.59,1.64,0.84,6.84,-4.73,0,2
112,2,0,1.3,2.27,1.02,1.05,1.84,7.48,0.64,0,2
113,7,1,3.22,0.9,3.54,3.19,0.74,11.59,4.11,0,3
114,5,0,1.48,1.08,1.5,0.75,1.65,6.46,-5.13,0,5
115,3,0,2.39,1.88,1.34,2.3,2.03,9.94,3.48,0,1
116,14,0,0.55,2.49,1.38,0.6,0.94,5.96,-3.98,0,2
117,2,0,1.86,2.05,0.61,2.38,1.14,8.04,2.08,0,4
118,22,0,0.91,1.35,0.75,2.35,1.98,7.34,-0.7,0,4
119,7,1,4.16,1.64,3.19,1.55,3.3,13.84,6.5,0,1
120,13,0,0.69,0.98,2.24,0.52,1.84,6.27,-7.57,0,3
121,20,1,4.68,0.71,4.64,2.11,1.84,13.98,7.71,0,1
122,11,0,2.04,0.9,1.36,1.3,2.41,8.01,-5.97,0,5
123,1,0,2.19,2.41,2.21,1.53,1.66,10.0,1.99,0,2
124,5,0,0.59,0.81,1.22,1.36,0.87,4.85,-5.15,0,4
125,13,0,1.18,1.28,0.76,2.24,2.3,7.76,2.91,0,5
126,15,0,0.66,2.29,1.21,1.96,1.87,7.99,0.23,0,2
127,15,0,1.58,1.95,1.58,1.04,1.77,7.92,-0.07,0,2
128,8,1,4.93,0.65,1.79,4.37,2.97,14.71,6.79,0,1
129,10,0,0.52,1.55,1.14,2.04,1.37,6.62,-8.09,0,4
130,10,0,1.0,1.06,2.11,2.48,0.94,7.59,0.97,0,4
131,5,0,1.53,2.37,2.18,1.18,0.68,7.94,0.35,0,2
132,12,0,1.38,1.27,1.31,1.69,1.41,7.06,-0.88,0,4
133,4,0,1.47,1.28,1.78,1.59,2.42,8.54,1.48,0,5
134,10,0,1.66,1.55,1.69,2.24,0.52,7.66,-0.88,0,4
135,5,0,2.26,1.57,2.09,1.88,0.89,8.69,1.03,0,1
136,15,0,1.6,1.56,1.73,0.77,0.62,6.28,-2.41,0,3
137,4,0,1.59,1.95,1.29,1.4,2.41,8.64,2.36,0,5
138,1,0,0.61,1.27,0.69,1.44,0.87,4.88,-3.76,0,4
139,15,0,2.48,1.58,0.9,1.45,0.73,7.14,2.26,0,1
140,20,1,3.13,4.36,3.3,0.6,0.66,12.05,4.91,0,2
141,17,0,1.65,2.49,2.0,1.0,1.31,8.45,-3.6,0,2
142,0,0,0.61,0.97,2.33,0.76,1.83,6.5,-1.95,0,3
143,0,0,0.69,1.06,1.7,2.11,1.41,6.97,0.47,0,4
144,8,1,3.54,3.35,4.41,2.41,4.88,18.59,11.62,1,5
145,23,0,1.37,0.63,0.82,1.36,1.48,5.66,-12.93,0,5
146,21,1,0.88,3.66,3.45,0.76,2.21,10.96,5.3,0,2
147,13,0,0.99,1.44,0.56,2.48,2.19,7.66,-3.3,0,4
148,6,1,2.69,1.67,2.92,1.2,3.48,11.96,4.3,0,5
149,17,0,1.37,2.43,2.23,2.29,2.3,10.62,-1.34,0,2
150,6,1,3.96,1.96,1.38,4.63,2.77,14.7,4.08,0,4
151,19,1,2.32,3.58,4.94,2.75,0.5,14.09,-0.61,0,3
152,2,0,1.73,2.27,2.27,0.68,0.88,7.83,-6.26,0,2
153,0,0,1.04,0.67,1.05,0.53,2.04,5.33,-2.5,0,5
154,2,0,1.9,1.86,1.35,2.37,0.58,8.06,2.73,0,4
155,16,0,0.69,1.11,0.55,0.89,1.69,4.93,-3.13,0,5
156,2,0,2.21,0.56,1.33,2.37,2.04,8.51,3.58,0,4
157,10,0,0.51,2.14,2.28,1.38,1.84,8.15,-0.36,0,3
158,1,0,0.61,1.57,1.06,1.96,1.17,6.37,-1.78,0,4
159,16,0,0.96,2.08,0.62,0.8,1.32,5.78,-0.59,0,2
160,8,1,1.5,4.81,0.87,1.79,3.34,12.31,6.53,0,2
161,23,0,2.45,0.52,1.49,1.47,1.06,6.99,-5.32,0,1
162,7,1,0.68,2.4,4.33,4.54,1.02,12.97,5.98,0,4
163,8,1,3.85,3.94,4.19,1.09,3.79,16.86,3.89,0,3
164,16,0,1.61,1.74,2.24,0.67,0.53,6.79,-10.07,0,3
165,19,1,1.12,1.18,2.5,3.36,1.01,9.17,2.38,0,4
166,4,0,1.63,1.66,0.52,2.02,1.42,7.25,-1.92,0,4
167,19,1,0.53,2.71,4.03,2.37,3.92,13.56,6.31,0,3
168,5,0,2.17,1.3,1.89,0.87,2.32,8.55,-5.01,0,5
169,5,0,1.8,0.94,0.78,1.46,0.86,5.84,-2.71,0,1
170,14,0,0.62,0.53,1.49,2.04,1.41,6.09,0.25,0,4
171,6,1,1.23,3.19,4.97,3.05,4.94,17.38,11.29,0,3
172,20,1,0.81,2.09,1.92,3.53,3.63,11.98,-5.4,0,5
173,6,1,2.99,4.76,1.44,2.18,2.85,14.22,2.24,0,2
174,19,1,1.86,0.86,3.68,2.86,0.62,9.88,-4.34,0,3
175,14,0,0.65,1.96,1.28,0.6,1.6,6.09,-3.79,0,2
176,4,0,1.6,1.6,0.93,0.72,0.57,5.42,-0.67,0,1
177,4,0,1.21,1.25,2.3,1.87,1.3,7.93,2.51,0,3
178,22,0,1.37,1.97,2.24,1.91,1.9,9.39,1.46,0,3
179,16,0,2.42,2.18,0.58,1.29,2.45,8.92,-0.47,0,5
180,7,1,1.1,0.6,3.17,3.45,1.25,9.57,0.65,0,4
181,11,0,2.31,1.87,2.08,1.98,1.06,9.3,-0.27,0,1
182,10,0,1.36,1.23,1.41,2.28,0.92,7.2,-2.1,0,4
183,0,0,2.45,0.94,0.87,2.43,1.52,8.21,1.01,0,1
184,6,1,3.04,2.8,4.54,1.87,1.16,13.41,5.2,0,3
185,10,0,1.44,0.77,1.65,2.0,0.54,6.4,-7.01,0,4
186,17,0,2.37,0.75,1.67,1.28,0.57,6.64,0.24,0,1
187,8,1,4.12,2.09,4.21,4.56,3.53,18.51,11.87,1,4
188,15,0,0.58,1.7,2.48,2.0,1.0,7.76,-10.75,0,3
189,10,0,2.33,0.92,0.72,0.83,2.44,7.24,-0.52,0,5
190,13,0,2.35,1.19,0.78,1.37,1.5,7.19,-0.05,0,1
191,13,0,1.49,1.67,1.28,1.67,1.51,7.62,0.43,0,2
192,4,0,1.99,2.16,1.21,0.97,0.55,6.88,-0.74,0,2
193,15,0,1.36,2.43,1.13,2.27,1.28,8.47,1.59,0,2
194,2,0,0.75,1.19,1.79,1.75,1.08,6.56,-1.91,0,3
195,14,0,1.05,2.19,0.77,0.69,1.46,6.16,-0.4,0,2
196,18,1,4.84,4.27,2.39,3.8,3.1,18.4,12.24,1,1
197,10,0,1.82,2.46,2.16,1.66,2.22,10.32,-8.08,0,2
198,12,0,1.18,0.51,1.23,0.91,1.42,5.25,-5.07,0,5
199,7,1,3.62,2.77,3.54,1.21,1.96,13.1,7.85,0,1
200,16,0,1.69,1.18,1.06,1.77,2.07,7.77,-5.33,0,5
201,12,0,0.52,1.72,0.76,0.8,1.81,5.61,-2.16,0,5
202,5,0,0.7,1.56,2.11,2.08,1.63,8.08,2.47,0,3
203,18,1,0.59,2.58,3.09,2.84,4.38,13.48,5.4,0,5
204,16,0,1.66,2.1,1.64,0.57,1.03,7.0,-6.48,0,2
205,12,0,1.04,2.39,0.73,2.42,1.45,8.03,1.03,0,4
206,4,0,1.93,2.13,2.49,2.49,1.41,10.45,2.42,0,3
207,4,0,1.95,2.01,0.93,2.09,1.06,8.04,-2.41,0,4
208,5,0,2.43,1.5,0.67,2.44,1.61,8.65,0.61,0,4
209,8,1,0.97,1.17,2.95,0.68,1.78,7.55,-1.1,0,3
210,13,0,0.62,0.52,0.73,2.07,2.16,6.1,-1.45,0,5
211,4,0,1.35,1.84,2.19,2.01,1.16,8.55,2.45,0,3
212,23,0,2.4,1.83,1.37,1.71,1.89,9.2,0.65,0,1
213,0,0,1.85,1.47,2.22,1.95,1.52,9.01,-0.19,0,3
214,18,1,0.81,1.34,4.89,2.74,4.91,14.69,5.68,0,5
215,10,0,1.61,1.54,0.71,0.84,1.7,6.4,-8.29,0,5
216,17,0,1.32,1.48,1.58,2.02,0.65,7.05,0.65,0,4
217,18,1,3.82,2.85,1.13,4.29,1.85,13.94,6.89,0,4
218,23,0,1.16,1.35,1.41,0.89,1.68,6.49,-7.45,0,5
219,12,0,2.26,0.63,1.56,0.55,2.28,7.28,0.79,0,5
220,18,1,0.62,2.57,1.7,2.38,4.76,12.03,4.75,0,5
221,7,1,2.53,1.81,3.29,1.37,4.98,13.98,1.95,0,5
222,18,1,2.21,1.89,3.95,0.74,1.16,9.95,-4.03,0,3
223,12,0,2.08,0.57,0.8,1.89,0.88,6.22,-3.73,0,1
224,13,0,2.28,0.69,1.83,1.38,2.13,8.31,2.09,0,1
225,9,0,1.42,1.9,0.8,0.75,1.83,6.7,-1.61,0,2
226,20,1,4.83,1.96,3.26,0.66,3.8,14.51,7.81,0,1
227,5,0,1.25,2.03,0.96,0.94,1.57,6.75,-7.76,0,2
228,22,0,1.01,0.84,1.99,1.08,2.26,7.18,0.43,0,5
229,18,1,2.85,3.43,2.37,4.09,1.65,14.39,7.21,0,4
230,19,1,2.84,1.22,3.37,0.55,4.07,12.05,-2.34,0,5
231,13,0,1.84,2.41,0.68,1.92,1.77,8.62,-3.43,0,2
232,6,1,2.9,0.86,2.19,3.57,1.28,10.8,2.18,0,4
233,13,0,2.48,2.26,0.87,2.14,1.46,9.21,-1.59,0,1
234,15,0,1.75,1.86,2.13,1.67,2.0,9.41,0.2,0,3
235,12,0,1.87,2.46,0.65,1.08,0.76,6.82,-2.59,0,2
236,10,0,1.39,0.89,1.33,1.79,0.82,6.22,-0.6,0,4
237,7,1,4.23,3.52,2.8,0.77,4.26,15.58,9.36,0,5
238,19,1,2.58,0.87,2.47,1.69,3.74,11.35,-4.23,0,5
239,2,0,1.42,0.86,1.39,2.49,1.88,8.04,-3.31,0,4
240,2,0,0.53,0.54,1.85,2.31,1.21,6.44,-1.6,0,4
241,15,0,0.58,1.37,1.9,1.8,1.11,6.76,0.32,0,3
242,6,1,3.97,4.1,2.25,4.37,3.18,17.87,11.11,0,4
243,12,0,2.42,1.08,2.01,1.54,1.69,8.74,-9.13,0,1
244,6,1,3.18,1.9,1.34,0.59,3.77,10.78,2.04,0,5
245,20,1,1.7,4.97,4.39,0.69,1.79,13.54,2.76,0,2
246,12,0,2.04,0.5,1.29,1.62,0.71,6.16,-7.38,0,1
247,18,1,3.37,0.65,4.52,2.1,2.9,13.54,7.38,0,3
248,8,1,1.11,1.66,2.4,1.87,1.0,8.04,-5.5,0,3
249,5,0,0.53,2.26,0.66,1.24,1.45,6.14,-1.9,0,2
250,22,0,1.96,0.51,1.86,1.21,2.17,7.71,1.57,0,5
251,1,0,1.55,2.4,1.71,0.76,1.85,8.27,0.56,0,2
252,5,0,2.49,1.36,1.59,1.52,1.17,8.13,-0.14,0,1
253,19,1,1.38,2.07,2.4,0.89,4.55,11.29,3.16,0,5
254,12,0,0.72,1.48,2.1,0.59,1.27,6.16,-5.13,0,3
255,11,0,1.3,0.88,1.72,1.53,1.3,6.73,0.57,0,3
256,22,0,2.16,0.57,1.06,0.96,0.91,5.66,-1.07,0,1
257,9,0,0.61,2.41,0.52,1.45,2.37,7.36,1.7,0,2
258,4,0,2.46,1.02,2.5,0.8,1.2,7.98,0.62,0,3
259,5,0,2.44,1.42,1.25,1.95,1.61,8.67,0.69,0,1
260,10,0,0.88,1.23,2.45,1.1,1.28,6.94,-1.73,0,3
261,23,0,1.69,1.96,2.12,2.2,1.75,9.72,2.78,0,4
262,6,1,4.61,1.58,3.95,1.8,4.82,16.76,7.04,0,5
263,8,1,3.9,2.35,4.9,0.56,4.96,16.67,-0.09,0,5
264,20,1,1.45,2.98,1.93,0.81,1.66,8.83,-7.84,0,2
265,16,0,1.7,1.62,1.39,1.51,0.52,6.74,-2.09,0,1
266,2,0,1.05,1.45,1.39,0.86,0.66,5.41,-1.33,0,2
267,16,0,1.75,1.92,2.18,1.0,0.93,7.78,2.37,0,3
268,17,0,0.6,1.21,0.9,2.31,1.86,6.88,-0.9,0,4
269,16,0,1.43,0.93,2.36,1.15,1.97,7.84,0.96,0,3
270,12,0,1.39,2.11,1.51,1.34,1.6,7.95,0.11,0,2
271,18,1,3.51,4.68,2.79,4.41,1.88,17.27,9.32,0,2
272,21,1,1.74,1.02,2.4,2.74,4.87,12.77,-4.5,0,5
273,13,0,2.26,2.21,1.08,1.2,2.39,9.14,-3.63,0,5
274,4,0,1.35,1.92,2.29,0.93,2.47,8.96,-0.18,0,5
275,8,1,1.39,1.17,2.45,3.99,2.86,11.86,2.9,0,4
276,1,0,0.82,2.06,2.21,2.16,2.1,9.35,-2.51,0,3
277,11,0,0.98,0.89,2.03,0.87,1.17,5.94,-3.41,0,3
278,0,0,1.12,0.95,2.34,1.28,0.93,6.62,0.68,0,3
279,2,0,1.18,1.86,0.99,2.25,1.64,7.92,1.3,0,4
280,8,1,2.66,3.4,0.77,3.07,3.36,13.26,5.34,0,2
281,10,0,1.52,1.49,1.61,1.99,1.7,8.31,-4.95,0,4
282,3,0,0.76,2.0,0.74,2.34,1.87,7.71,-0.6,0,4
283,2,0,0.87,0.94,0.77,1.03,1.46,5.07,-2.64,0,5
284,16,0,2.07,2.44,0.62,1.81,1.71,8.65,3.58,0,2
285,15,0,1.34,1.61,1.89,0.85,1.59,7.28,-1.37,0,3
286,15,0,1.91,0.84,1.44,1.52,0.91,6.62,-0.66,0,1
287,5,0,1.12,2.4,2.38,0.6,1.55,8.05,1.43,0,2
288,2,0,1.65,2.1,2.4,1.49,2.32,9.96,1.91,0,3
289,20,1,0.52,2.16,1.59,2.43,1.53,8.23,-1.73,0,4
290,7,1,2.88,3.18,2.05,1.18,0.91,10.2,1.97,0,2
291,15,0,1.7,1.15,1.57,1.2,0.88,6.5,-3.7,0,1
292,21,1,0.6,3.91,3.41,1.56,2.52,12.0,5.5,0,2
293,8,1,1.93,2.78,3.44,2.0,4.65,14.8,2.8,0,5
294,9,0,0.82,0.86,0.62,1.96,2.1,6.36,-8.44,0,5
295,7,1,4.26,3.1,2.38,3.19,4.91,17.84,11.48,0,5
296,4,0,1.95,1.29,1.74,2.04,1.39,8.41,-9.43,0,4
297,6,1,3.61,3.82,3.75,4.95,3.91,20.04,11.63,1,4
298,14,0,1.21,2.45,0.8,1.68,0.65,6.79,-13.25,0,2
299,20,1,3.23,2.11,2.1,0.79,2.63,10.86,4.07,0,1
300,13,0,0.67,1.87,1.62,2.05,0.95,7.16,-3.7,0,4
301,19,1,1.92,2.52,2.01,3.28,2.93,12.66,5.5,0,4
302,10,0,0.56,2.15,0.58,1.86,1.25,6.4,-6.26,0,2
303,16,0,0.54,1.44,1.99,1.7,1.0,6.67,0.27,0,3
304,13,0,1.88,2.04,0.59,1.59,0.98,7.08,0.41,0,2
305,20,1,3.67,1.52,2.68,0.96,4.36,13.19,6.11,0,5
306,16,0,1.72,0.97,1.51,2.17,0.62,6.99,-6.2,0,4
307,12,0,0.79,1.13,2.19,1.97,1.55,7.63,0.64,0,3
308,6,1,0.87,0.93,0.73,0.81,1.22,4.56,-3.07,0,5
309,17,0,0.59,0.56,1.4,2.03,2.12,6.7,2.14,0,5
310,7,1,0.74,1.76,3.57,1.56,4.76,12.39,5.69,0,5
311,3,0,1.22,1.41,1.24,1.3,1.05,6.22,-6.17,0,2
312,19,1,1.56,3.52,2.68,1.6,4.38,13.74,7.52,0,5
313,15,0,0.61,2.26,0.91,1.45,0.58,5.81,-7.93,0,2
314,22,0,2.2,0.55,1.47,1.75,2.31,8.28,2.47,0,5
315,19,1,4.59,1.13,0.71,3.98,3.1,13.51,5.23,0,1
316,5,0,1.32,0.65,1.33,1.46,1.84,6.6,-6.91,0,5
317,20,1,2.32,0.63,1.91,1.59,3.0,9.45,2.85,0,5
318,9,0,1.72,0.92,1.76,1.07,1.37,6.84,-2.61,0,3
319,12,0,1.96,2.19,1.94,2.33,1.87,10.29,3.45,0,4
320,19,1,3.5,1.45,3.55,3.82,2.02,14.34,4.05,0,4
321,6,1,1.81,3.02,3.33,1.29,3.54,12.99,-1.35,0,5
322,5,0,1.5,1.39,1.44,1.78,1.81,7.92,-5.07,0,5
323,16,0,1.85,1.9,0.88,1.95,0.79,7.37,-0.55,0,4
324,14,0,1.84,1.81,0.69,1.32,1.63,7.29,-0.08,0,1
325,4,0,0.85,1.7,1.96,2.06,0.85,7.42,0.13,0,4
326,16,0,1.55,2.4,1.99,1.25,1.17,8.36,0.94,0,2
327,14,0,1.6,1.19,0.7,0.97,1.68,6.14,-2.22,0,5
328,7,1,1.14,2.47,2.41,1.42,1.25,8.69,2.55,0,2
329,1,0,1.66,1.91,0.72,0.81,2.11,7.21,-1.48,0,5
330,8,1,2.93,4.08,4.44,4.77,0.62,16.84,9.63,0,4
331,16,0,2.27,2.12,1.68,0.55,1.43,8.05,-8.79,0,1
332,4,0,2.03,2.45,2.45,0.7,1.4,9.03,0.98,0,2
333,1,0,0.73,1.11,1.4,1.09,0.82,5.15,-3.88,0,3
334,7,1,1.37,4.93,2.21,4.62,4.32,17.45,12.3,0,2
335,23,0,1.65,1.39,0.5,2.37,0.89,6.8,-10.65,0,4
336,8,1,3.37,3.34,2.17,4.33,2.05,15.26,8.46,0,4
337,21,1,3.04,4.59,2.42,0.72,2.51,13.28,-1.98,0,2
338,20,1,3.24,3.42,1.89,1.76,1.09,11.4,-1.88,0,2
339,16,0,2.04,0.84,2.21,1.87,1.43,8.39,-3.01,0,3
340,14,0,0.84,1.39,0.55,0.6,0.98,4.36,-4.03,0,2
341,16,0,2.47,1.24,2.39,1.36,0.62,8.08,3.72,0,1
342,8,1,4.39,4.73,3.86,1.92,4.13,19.03,10.95,1,2
343,7,1,2.85,3.68,3.76,2.68,4.99,17.96,-1.07,0,5
344,10,0,1.9,1.7,2.33,2.07,1.08,9.08,-8.88,0,3
345,6,1,4.63,4.87,1.89,3.69,2.7,17.78,8.7,0,2
346,21,1,4.73,1.65,0.77,4.07,1.91,13.13,-4.65,0,1
347,23,0,0.5,1.85,0.79,2.33,0.55,6.02,-7.11,0,4
348,22,0,1.2,2.16,0.83,2.47,2.18,8.84,2.82,0,4
349,3,0,0.71,0.54,1.19,0.98,2.15,5.57,-3.27,0,5
350,9,0,1.08,2.11,2.33,1.63,1.5,8.65,3.08,0,3
351,8,1,2.87,1.06,3.8,1.94,1.95,11.62,2.97,0,3
352,13,0,1.39,1.21,2.3,0.71,2.26,7.87,-3.75,0,3
353,13,0,1.83,1.32,2.0,2.32,0.98,8.45,0.58,0,4
354,9,0,1.26,2.44,2.49,1.64,2.44,10.27,1.82,0,3
355,12,0,2.4,1.35,1.86,1.14,1.76,8.51,-1.76,0,1
356,18,1,1.2,1.91,1.75,4.01,1.91,10.78,2.27,0,4
357,2,0,2.39,1.53,1.73,1.42,1.94,9.01,-1.77,0,1
358,4,0,1.22,1.18,1.9,2.32,1.59,8.21,-0.8,0,4
359,23,0,1.83,1.87,1.04,1.33,0.59,6.66,-1.55,0,2
360,17,0,1.65,1.18,1.41,1.32,1.69,7.25,0.59,0,5
361,6,1,4.42,0.68,0.72,4.5,2.29,12.61,5.36,0,4
362,22,0,1.23,1.17,2.09,1.85,0.87,7.21,-5.4,0,3
363,5,0,1.1,2.38,2.46,1.63,0.61,8.18,0.97,0,3
364,1,0,1.49,0.54,1.04,0.99,1.39,5.45,-2.73,0,1
365,0,0,1.26,0.75,1.69,0.57,2.5,6.77,1.32,0,5
366,15,0,2.09,0.55,1.06,1.16,0.61,5.47,-1.3,0,1
367,20,1,1.23,1.52,3.31,3.14,3.84,13.04,7.57,0,5
368,13,0,0.74,2.21,0.97,1.86,1.01,6.79,-6.25,0,2
369,21,1,0.89,1.1,2.86,1.79,1.21,7.85,1.06,0,3
370,7,1,4.88,1.28,2.02,3.35,0.59,12.12,4.27,0,1
371,5,0,0.87,1.97,1.64,0.74,1.98,7.2,-4.92,0,5
372,9,0,1.57,0.81,1.27,1.63,1.74,7.02,-0.18,0,5
373,9,0,0.64,2.23,0.57,1.53,1.57,6.54,-0.48,0,2
374,2,0,0.92,1.71,1.55,2.1,2.42,8.7,2.16,0,5
375,1,0,0.59,0.64,1.36,1.96,1.85,6.4,-2.3,0,4
376,12,0,1.35,1.28,1.06,0.98,1.3,5.97,-0.43,0,1
377,1,0,0.58,0.82,2.14,0.86,0.86,5.26,-0.71,0,3
378,20,1,2.53,3.47,4.64,2.75,1.75,15.14,9.88,0,3
379,15,0,1.99,2.04,1.95,1.67,2.47,10.12,-5.02,0,5
380,12,0,1.21,0.52,1.5,1.07,2.46,6.76,-3.36,0,5
381,7,1,3.3,2.88,4.25,0.52,0.65,11.6,4.84,0,3
382,13,0,1.99,0.86,0.7,1.97,1.49,7.01,-4.59,0,1
383,9,0,0.77,2.18,0.5,2.02,2.03,7.5,0.49,0,2
384,1,0,1.29,0.56,0.87,0.65,0.98,4.35,-3.15,0,1
385,14,0,2.38,1.85,1.82,1.95,1.47,9.47,5.12,0,1
386,10,0,1.42,1.05,1.63,1.32,2.19,7.61,-1.86,0,5
387,21,1,2.65,4.24,3.34,2.73,2.79,15.75,8.14,0,2
388,20,1,3.36,0.77,1.84,0.65,0.62,7.24,-8.51,0,1
389,4,0,2.35,0.78,1.39,0.99,1.7,7.21,-0.03,0,1
390,19,1,2.79,3.45,3.43,3.9,2.93,16.5,9.29,0,4
391,5,0,1.31,0.83,1.21,2.09,1.61,7.05,-9.45,0,4
392,3,0,0.84,1.47,1.75,1.25,2.26,7.57,0.52,0,5
393,4,0,0.55,0.6,1.8,1.6,1.84,6.39,-1.18,0,5
394,9,0,2.49,1.07,0.78,1.89,2.38,8.61,2.22,0,1
395,13,0,2.17,1.78,1.45,0.9,1.41,7.71,-0.9,0,1
396,12,0,0.59,1.13,2.43,1.94,1.71,7.8,0.09,0,3
397,10,0,1.83,2.01,0.59,0.85,1.55,6.83,-0.97,0,2
398,22,0,0.77,0.79,2.11,0.8,1.47,5.94,-0.89,0,3
399,7,1,1.17,2.69,3.83,1.33,1.3,10.32,4.38,0,3
400,16,0,0.93,2.13,1.54,2.07,1.06,7.73,-2.59,0,2
401,5,0,1.35,0.86,1.14,0.88,1.0,5.23,-2.5,0,1
402,5,0,1.83,0.82,2.04,1.95,0.58,7.22,1.99,0,3
403,21,1,3.41,2.8,4.22,0.91,1.19,12.53,5.31,0,3
404,2,0,1.5,0.75,1.22,1.53,0.82,5.82,-6.71,0,4
405,23,0,1.66,2.5,1.02,1.0,2.44,8.62,2.8,0,2
406,17,0,0.93,1.11,1.77,1.28,0.81,5.9,-2.72,0,3
407,5,0,2.01,2.46,1.08,0.73,1.79,8.07,2.17,0,2
408,13,0,2.18,2.19,2.14,0.65,1.11,8.27,0.2,0,2
409,1,0,1.97,1.58,2.13,1.27,1.57,8.52,0.25,0,3
410,16,0,2.18,2.18,0.97,1.23,2.27,8.83,0.31,0,5
411,15,0,1.25,0.63,1.78,1.59,2.28,7.53,-1.3,0,5
412,19,1,3.09,2.03,4.76,4.95,3.51,18.34,10.81,1,4
413,20,1,1.66,3.13,2.81,2.23,2.02,11.85,-6.49,0,2
414,8,1,2.97,3.53,4.41,3.19,3.79,17.89,6.04,0,3
415,4,0,0.54,2.39,1.82,1.55,1.16,7.46,-10.43,0,2
416,17,0,0.91,2.21,2.23,1.5,0.96,7.81,0.35,0,3
417,3,0,1.98,2.13,2.31,1.67,1.54,9.63,1.82,0,3
418,10,0,1.26,1.86,1.85,0.87,2.03,7.87,-1.76,0,5
419,14,0,2.31,1.34,1.48,1.06,0.61,6.8,-1.07,0,1
420,5,0,1.53,1.69,2.48,1.62,2.03,9.35,2.55,0,3
421,14,0,2.11,0.64,2.28,1.46,0.91,7.4,-1.95,0,3
422,7,1,2.73,1.8,4.62,0.66,1.89,11.7,4.3,0,3
423,1,0,2.34,0.95,0.74,1.78,2.22,8.03,-3.67,0,1
424,9,0,0.78,0.94,1.7,1.89,1.39,6.7,-1.33,0,4
425,21,1,3.88,1.42,0.55,2.28,4.02,12.15,5.45,0,5
426,22,0,1.25,0.66,0.61,1.35,0.67,4.54,-7.61,0,4
427,10,0,2.04,2.13,0.55,0.8,2.35,7.87,3.33,0,5
428,20,1,3.87,2.64,0.8,4.61,1.71,13.63,5.76,0,4
429,21,1,2.75,1.94,1.91,1.47,3.84,11.91,-1.72,0,5
430,19,1,1.74,4.29,2.87,0.94,4.46,14.3,2.39,0,5
431,6,1,4.86,4.62,2.51,1.76,4.15,17.9,3.6,0,1
432,6,1,1.27,3.22,0.8,1.6,4.67,11.56,-6.34,0,5
433,1,0,1.27,1.01,1.97,0.71,1.23,6.19,-5.37,0,3
434,13,0,1.95,0.9,2.4,1.14,0.66,7.05,0.86,0,3
435,14,0,1.42,1.27,0.97,1.88,1.71,7.25,0.2,0,4
436,20,1,1.08,0.55,3.44,3.19,1.48,9.74,2.49,0,3
437,15,0,1.9,1.3,1.95,1.71,1.34,8.2,-1.54,0,3
438,22,0,1.05,1.36,1.4,1.15,2.3,7.26,-0.94,0,5
439,20,1,2.85,3.99,4.15,3.3,1.61,15.9,8.64,0,3
440,8,1,2.95,3.02,3.63,2.96,0.85,13.41,-2.49,0,3
441,10,0,1.44,2.28,1.98,0.79,1.78,8.27,-5.14,0,2
442,19,1,3.38,1.54,2.58,0.81,1.61,9.92,1.65,0,1
443,21,1,4.01,1.85,3.27,4.35,0.56,14.04,4.12,0,4
444,1,0,0.68,1.67,1.72,1.95,1.36,7.38,-6.66,0,4
445,10,0,1.62,2.31,1.52,1.73,2.46,9.64,2.26,0,5
446,9,0,0.56,1.33,1.82,1.15,1.74,6.6,-3.04,0,3
447,12,0,1.21,0.98,1.22,1.99,1.62,7.02,0.42,0,4
448,6,1,2.39,3.79,3.95,2.23,1.53,13.89,6.87,0,3
449,5,0,1.56,2.38,2.28,2.48,2.05,10.75,-3.14,0,4
450,18,1,2.15,3.71,4.35,2.24,1.2,13.65,2.9,0,3
451,1,0,2.21,1.2,2.45,1.45,2.02,9.33,-4.32,0,3
452,19,1,1.67,1.13,3.23,3.85,1.37,11.25,1.92,0,4
453,23,0,1.51,1.91,1.49,1.58,1.96,8.45,-2.8,0,5
454,3,0,1.51,1.75,2.09,1.57,2.26,9.18,0.73,0,5
455,15,0,1.85,0.56,2.39,1.14,1.85,7.79,-1.39,0,3
456,5,0,0.85,2.07,2.42,1.91,1.07,8.32,0.53,0,3
457,7,1,4.93,3.05,2.95,2.3,3.16,16.39,8.07,0,1
458,6,1,0.51,4.49,4.26,2.7,1.09,13.05,-3.34,0,2
459,13,0,2.2,2.16,1.75,2.09,1.36,9.56,-3.49,0,1
460,10,0,1.92,2.45,1.62,2.43,1.29,9.71,0.15,0,2
461,12,0,1.59,0.56,2.09,1.1,1.73,7.07,-2.64,0,3
462,21,1,3.97,3.13,4.08,1.75,2.14,15.07,8.0,0,3
463,6,1,5.0,3.08,4.99,3.7,1.64,18.41,3.34,1,1
464,12,0,2.08,1.1,2.45,1.7,1.78,9.11,-9.3,0,3
465,8,1,4.2,4.82,2.31,4.6,2.25,18.18,9.07,1,2
466,22,0,2.39,0.75,0.58,1.29,2.39,7.4,-10.78,0,1
467,21,1,2.39,3.51,4.62,3.86,1.62,16.0,8.6,0,3
468,4,0,0.95,1.7,2.43,1.82,1.95,8.85,-7.15,0,3
469,20,1,3.9,4.66,3.48,3.59,2.08,17.71,8.86,0,2
470,16,0,0.61,0.61,1.49,0.58,2.09,5.38,-12.33,0,5
471,9,0,1.24,1.54,1.4,2.43,1.49,8.1,2.72,0,4
472,0,0,0.59,1.68,1.33,1.53,2.08,7.21,-0.89,0,5
473,7,1,4.65,2.57,0.56,1.67,1.43,10.88,3.67,0,1
474,12,0,0.58,0.63,0.56,2.45,0.72,4.94,-5.94,0,4
475,15,0,1.69,2.3,1.83,1.5,1.65,8.97,4.03,0,2
476,3,0,1.09,2.02,1.67,0.56,2.07,7.41,-1.56,0,5
477,18,1,0.86,0.65,3.12,2.56,1.81,9.0,1.59,0,3
478,22,0,1.77,2.06,1.34,0.57,1.61,7.35,-1.65,0,2
479,22,0,2.15,2.05,2.25,0.8,1.19,8.44,1.09,0,3
480,23,0,1.06,1.01,0.96,1.89,0.84,5.76,-2.68,0,4
481,2,0,2.37,0.85,1.26,2.22,2.04,8.74,2.98,0,1
482,14,0,1.02,1.88,1.68,1.78,0.81,7.17,-1.57,0,2
483,7,1,1.06,4.53,4.73,2.09,2.82,15.23,8.06,0,3
484,22,0,1.63,1.35,1.8,1.43,1.08,7.29,-7.94,0,3
485,12,0,1.23,2.23,1.54,1.17,2.12,8.29,1.0,0,2
486,18,1,1.85,3.68,1.26,2.71,2.91,12.41,4.12,0,2
487,10,0,1.96,1.96,0.85,0.71,1.01,6.49,-5.92,0,1
488,6,1,2.57,4.46,2.8,3.02,3.23,16.08,9.59,0,2
489,1,0,1.45,1.19,2.42,1.19,0.67,6.92,-9.16,0,3
490,15,0,1.91,2.03,1.22,1.61,1.25,8.02,1.1,0,2
491,5,0,0.56,2.39,2.23,0.93,1.16,7.27,-0.75,0,2
492,4,0,1.92,0.98,2.12,2.27,1.18,8.47,1.2,0,4
493,10,0,1.28,0.99,1.83,0.64,2.15,6.89,-1.58,0,5
494,20,1,1.68,1.74,4.77,2.1,1.13,11.42,4.53,0,3
495,10,0,1.03,0.69,1.41,1.98,1.59,6.7,-4.72,0,4
496,10,0,2.11,1.75,2.14,2.08,1.24,9.32,2.62,0,3
497,2,0,2.39,1.6,1.67,0.7,1.97,8.33,-0.99,0,1
498,22,0,1.49,1.93,1.09,1.26,2.17,7.94,-0.39,0,5
499,2,0,1.32,1.21,2.03,1.11,1.2,6.87,-1.07,0,3
500,12,0,1.6,2.21,0.99,0.67,2.05,7.52,0.65,0,2
501,3,0,1.22,2.22,0.87,1.61,2.11,8.03,0.51,0,2
502,10,0,1.4,1.03,1.19,2.34,2.39,8.35,0.32,0,5
503,9,0,1.16,2.22,1.34,0.73,2.47,7.92,-0.43,0,5
504,3,0,0.57,1.44,1.03,1.98,0.96,5.98,-1.94,0,4
505,1,0,0.89,1.7,1.15,0.67,2.1,6.51,0.53,0,5
506,17,0,2.03,1.75,1.16,1.52,2.18,8.64,2.13,0,5
507,18,1,2.42,1.28,2.53,2.37,2.81,11.41,2.77,0,5
508,20,1,0.59,0.55,2.94,2.73,3.04,9.85,-1.56,0,5
509,16,0,0.88,0.53,0.94,1.94,0.81,5.1,-4.75,0,4
510,0,0,1.36,0.96,1.88,1.82,0.73,6.75,1.65,0,3
511,15,0,1.01,1.26,2.32,1.42,2.5,8.51,1.76,0,5
512,2,0,1.17,1.3,1.96,2.23,2.26,8.92,0.41,0,5
513,0,0,0.92,0.86,1.26,1.62,1.27,5.93,-2.99,0,4
514,12,0,1.52,1.61,0.82,0.8,2.39,7.14,1.21,0,5
515,13,0,1.18,1.25,1.21,1.73,2.34,7.71,0.57,0,5
516,16,0,1.55,1.41,1.14,2.36,1.5,7.96,0.25,0,4
517,18,1,3.88,1.94,3.48,2.68,1.09,13.07,5.11,0,1
518,3,0,1.42,0.64,1.91,0.5,1.37,5.84,-7.23,0,3
519,7,1,0.96,1.19,1.17,4.87,1.29,9.48,3.64,0,4
520,11,0,2.01,1.61,2.36,0.69,1.1,7.77,-1.71,0,3
521,15,0,1.75,1.73,1.22,1.09,0.56,6.35,-1.42,0,1
522,21,1,1.36,1.06,1.33,0.62,1.9,6.27,-0.08,0,5
523,18,1,1.44,2.0,1.93,0.94,3.36,9.67,3.4,0,5
524,8,1,2.21,3.34,0.77,2.14,2.24,10.7,1.03,0,2
525,0,0,2.02,0.75,1.98,0.72,1.39,6.86,-3.84,0,1
526,11,0,0.75,1.59,0.65,1.53,0.7,5.22,-1.64,0,2
527,5,0,1.06,1.65,2.47,0.87,1.11,7.16,1.94,0,3
528,12,0,1.19,1.59,1.15,1.13,1.91,6.97,-0.19,0,5
529,10,0,0.71,1.66,1.77,2.22,0.7,7.06,0.09,0,4
530,19,1,2.48,1.86,4.02,3.76,3.71,15.83,8.77,0,3
531,13,0,1.9,1.27,0.75,2.34,0.57,6.83,-9.0,0,4
532,16,0,2.41,2.43,0.72,1.58,0.77,7.91,1.08,0,2
533,7,1,2.93,4.51,0.57,1.99,3.17,13.17,5.26,0,2
534,0,0,1.57,2.06,1.48,1.24,1.41,7.76,-5.41,0,2
535,1,0,1.43,1.93,2.34,0.79,1.88,8.37,0.61,0,3
536,9,0,1.33,1.97,1.22,0.55,2.27,7.34,-1.03,0,5
537,6,1,3.87,2.69,3.44,1.73,4.19,15.92,8.58,0,5
538,1,0,0.84,2.38,0.99,2.36,1.72,8.29,-7.63,0,2
539,3,0,0.86,2.35,1.86,2.18,2.17,9.42,1.13,0,2
540,21,1,0.96,1.74,2.94,0.85,1.23,7.72,-1.7,0,3
541,5,0,0.6,2.16,0.51,0.98,1.12,5.37,-2.35,0,2
542,6,1,4.08,0.89,4.45,3.49,2.62,15.53,10.16,0,3
543,23,0,1.73,1.11,0.68,2.3,0.9,6.72,-8.81,0,4
544,7,1,2.04,3.04,2.08,1.88,4.09,13.13,6.41,0,5
545,17,0,1.02,1.77,1.05,1.73,2.18,7.75,-5.38,0,5
546,21,1,4.06,2.34,4.33,3.68,2.61,17.02,9.27,0,3
547,5,0,1.84,1.5,1.55,2.17,2.29,9.35,-7.67,0,5
548,16,0,1.45,2.07,1.85,0.79,0.69,6.85,-2.5,0,2
549,20,1,1.42,1.91,4.04,0.88,2.84,11.09,4.24,0,3
550,5,0,2.06,1.87,1.37,1.31,1.82,8.43,-2.66,0,1
551,17,0,2.25,1.68,0.82,2.48,2.49,9.72,1.29,0,5
552,9,0,2.2,0.5,1.96,1.9,1.81,8.37,-1.35,0,1
553,21,1,4.77,0.76,4.86,2.29,1.05,13.73,5.36,0,3
554,23,0,1.19,1.61,2.32,0.85,2.47,8.44,-5.29,0,5
555,7,1,1.06,1.75,4.6,3.27,1.08,11.76,3.32,0,3
556,6,1,2.55,3.12,2.32,3.97,1.14,13.1,1.34,0,4
557,0,0,1.29,0.71,1.71,2.32,1.76,7.79,-5.31,0,4
558,2,0,1.36,0.79,2.3,1.01,2.01,7.47,-0.32,0,3
559,18,1,2.63,2.83,3.21,1.08,2.42,12.17,4.7,0,3
560,1,0,1.49,0.82,2.09,0.69,0.94,6.03,-6.14,0,3
561,22,0,0.79,0.51,2.01,2.14,2.39,7.84,1.81,0,5
562,2,0,0.9,2.03,1.55,2.28,2.41,9.17,1.33,0,5
563,9,0,0.51,1.96,0.75,2.24,1.48,6.94,-2.23,0,4
564,10,0,1.33,1.65,0.67,2.42,2.17,8.24,1.3,0,4
565,10,0,2.24,1.61,1.21,1.12,1.26,7.44,-0.8,0,1
566,9,0,0.65,2.14,2.01,0.94,1.49,7.23,-0.21,0,2
567,15,0,0.89,2.25,1.98,0.95,0.85,6.92,-0.31,0,2
568,21,1,1.69,3.41,3.26,0.58,1.01,9.95,3.03,0,2
569,5,0,1.06,1.37,1.84,0.93,2.25,7.45,-2.5,0,5
570,16,0,1.24,1.15,1.5,0.91,0.91,5.71,-1.74,0,3
571,12,0,2.12,0.65,0.83,0.55,0.62,4.77,-0.94,0,1
572,12,0,2.2,2.28,1.39,2.13,1.49,9.49,4.72,0,2
573,4,0,1.33,0.53,2.41,0.63,1.41,6.31,-3.18,0,3
574,4,0,2.26,1.21,1.59,1.95,1.21,8.22,1.91,0,1
575,20,1,2.25,2.59,4.4,2.19,2.65,14.08,5.86,0,3
576,5,0,2.2,1.6,1.79,0.67,1.4,7.66,-6.42,0,1
577,8,1,1.76,0.66,4.45,3.47,1.73,12.07,4.41,0,3
578,6,1,0.54,1.59,3.16,1.17,1.72,8.18,-3.89,0,3
579,22,0,1.59,0.9,0.79,2.22,0.91,6.41,-1.77,0,4
580,12,0,2.24,1.18,0.99,2.42,2.39,9.22,2.81,0,4
581,17,0,1.74,0.58,1.72,1.46,2.39,7.89,-1.33,0,5
582,8,1,4.59,0.72,4.59,2.48,1.23,13.61,5.72,0,1
583,13,0,1.31,1.4,1.32,2.38,0.56,6.97,-6.64,0,4
584,17,0,1.47,0.52,1.42,0.66,1.88,5.95,-1.02,0,5
585,1,0,1.1,0.72,1.96,1.78,2.28,7.84,1.89,0,5
586,20,1,3.59,1.8,0.97,4.51,2.96,13.83,5.99,0,4
587,21,1,4.18,2.42,1.34,1.49,4.36,13.79,-0.04,0,5
588,6,1,4.06,4.25,2.42,3.29,2.04,16.06,2.27,0,2
589,7,1,4.59,2.94,4.11,3.31,2.85,17.8,1.74,0,1
590,16,0,2.09,0.66,1.71,2.05,1.27,7.78,-10.02,0,1
591,10,0,1.38,1.9,1.03,0.55,0.9,5.76,-2.02,0,2
592,19,1,4.27,2.37,4.12,1.31,3.34,15.41,9.65,0,1
593,13,0,1.7,0.96,0.68,1.01,1.25,5.6,-9.81,0,1
594,15,0,2.31,1.23,1.63,2.42,1.54,9.13,3.53,0,4
595,11,0,0.8,1.15,1.41,0.97,1.09,5.42,-3.71,0,3
596,15,0,0.76,1.19,0.72,2.09,0.86,5.62,0.2,0,4
597,12,0,2.27,0.73,0.74,1.76,1.19,6.69,1.07,0,1
598,21,1,3.99,1.54,0.78,3.42,4.42,14.15,7.46,0,5
599,12,0,2.18,0.66,1.36,2.15,1.64,7.99,-6.16,0,1
600,4,0,2.03,1.8,1.44,1.04,1.56,7.87,-0.12,0,1
601,9,0,1.83,1.91,1.17,2.38,1.4,8.69,0.82,0,4
602,10,0,1.84,1.7,2.2,2.09,1.97,9.8,1.11,0,3
603,8,1,0.54,4.39,1.19,2.96,2.52,11.6,1.8,0,2
604,12,0,2.18,0.78,1.82,1.15,1.75,7.68,-3.92,0,1
605,14,0,0.72,1.22,0.55,0.99,1.66,5.14,-2.54,0,5
606,23,0,1.29,0.55,1.79,0.93,1.91,6.47,1.33,0,5
607,8,1,1.05,1.35,4.63,3.34,1.63,12.0,5.53,0,3
608,8,1,4.61,3.06,3.39,3.79,3.14,17.99,5.99,0,1
609,22,0,2.03,2.31,1.68,1.44,1.42,8.88,-9.11,0,2
610,23,0,1.35,2.46,2.18,1.63,1.82,9.44,0.56,0,2
611,15,0,1.6,2.45,1.86,0.56,0.7,7.17,-2.27,0,2
612,10,0,0.65,2.05,0.77,1.7,0.89,6.06,-1.11,0,2
613,7,1,3.39,0.88,3.21,4.59,4.58,16.65,10.59,0,4
614,8,1,1.36,2.37,1.36,4.3,0.96,10.35,-6.3,0,4
615,19,1,4.05,1.88,4.98,2.48,3.77,17.16,6.81,0,3
616,0,0,2.5,1.84,1.58,1.37,1.12,8.41,-8.75,0,1
617,3,0,1.71,2.17,0.93,0.97,1.04,6.82,-1.59,0,2
618,3,0,1.64,1.39,1.44,0.92,0.74,6.13,-0.69,0,1
619,17,0,2.36,1.45,1.2,1.69,2.3,9.0,2.87,0,1
620,15,0,1.08,1.74,1.13,1.17,0.75,5.87,-3.13,0,2
621,12,0,1.02,1.62,1.92,1.25,1.68,7.49,1.62,0,3
622,5,0,1.14,1.61,0.69,1.06,1.95,6.45,-1.04,0,5
623,3,0,0.71,1.85,0.81,1.31,1.87,6.55,0.1,0,5
624,3,0,1.05,1.99,1.52,1.5,0.8,6.86,0.31,0,2
625,3,0,0.97,1.36,0.94,2.37,1.18,6.82,-0.04,0,4
626,18,1,4.56,1.3,4.04,3.29,2.38,15.57,8.75,0,1
627,15,0,1.55,1.32,2.48,1.77,1.07,8.19,-7.38,0,3
628,23,0,1.57,1.71,1.5,0.98,1.08,6.84,-1.35,0,2
629,14,0,0.54,2.0,1.69,2.41,2.25,8.89,2.05,0,4
630,6,1,3.79,4.62,4.06,1.71,2.31,16.49,7.6,0,2
631,13,0,2.2,1.66,1.05,2.17,2.42,9.5,-6.99,0,5
632,7,1,2.25,4.87,2.62,4.12,4.52,18.38,8.88,1,2
633,0,0,0.72,1.67,0.5,1.86,2.16,6.91,-11.47,0,5
634,6,1,3.41,3.81,1.61,4.68,1.31,14.82,7.91,0,4
635,1,0,1.4,1.56,2.49,1.82,1.09,8.36,-6.46,0,3
636,17,0,0.77,0.79,0.63,2.37,2.32,6.88,-1.48,0,4
637,23,0,2.3,1.57,1.37,2.11,1.98,9.33,2.45,0,1
638,21,1,4.9,3.45,4.28,3.56,4.5,20.69,11.36,1,1
639,16,0,1.65,1.77,2.5,1.68,0.65,8.25,-12.44,0,3
640,3,0,2.08,0.78,0.58,0.82,1.81,6.07,-2.18,0,1
641,20,1,2.98,1.48,4.14,0.55,4.3,13.45,7.38,0,5
642,9,0,0.77,2.28,1.73,0.92,2.26,7.96,-5.49,0,2
643,21,1,4.75,0.87,1.34,4.25,2.65,13.86,5.9,0,1
644,17,0,2.25,0.89,1.79,1.09,2.03,8.05,-5.81,0,1
645,12,0,2.35,1.14,0.68,0.73,1.31,6.21,-1.84,0,1
646,20,1,0.65,4.78,3.08,3.24,4.94,16.69,10.48,0,5
647,12,0,2.29,2.09,1.89,1.77,2.18,10.22,-6.47,0,1
648,0,0,0.53,0.94,0.79,1.4,0.61,4.27,-5.95,0,4
649,15,0,0.81,1.59,0.62,0.63,0.52,4.17,-0.1,0,2
650,13,0,1.26,2.16,0.9,1.89,1.42,7.63,3.46,0,2
651,10,0,0.95,2.29,1.32,0.83,0.66,6.05,-1.58,0,2
652,22,0,1.37,1.36,2.12,1.06,0.88,6.79,0.74,0,3
653,20,1,1.34,4.43,3.07,2.73,2.74,14.31,7.52,0,2
654,13,0,1.89,0.5,0.83,1.05,2.24,6.51,-7.8,0,5
655,14,0,2.38,1.93,0.84,2.37,1.53,9.05,2.54,0,1
656,9,0,1.07,1.97,0.98,0.67,2.33,7.02,-2.03,0,5
657,5,0,0.99,2.15,2.2,1.78,2.25,9.37,2.35,0,5
658,20,1,4.45,3.83,0.91,2.3,0.96,12.45,3.08,0,1
659,9,0,1.88,1.6,0.5,1.23,0.55,5.76,-6.69,0,1
660,13,0,0.62,2.45,1.17,1.91,1.6,7.75,1.99,0,2
661,18,1,4.63,1.72,4.45,2.53,4.93,18.26,10.51,1,5
662,13,0,2.44,1.84,1.23,1.12,1.24,7.87,-10.39,0,1
663,14,0,2.22,1.95,1.1,0.62,0.87,6.76,-1.11,0,1
664,22,0,1.97,2.41,2.45,2.17,1.46,10.46,3.7,0,3
665,14,0,1.07,0.66,0.81,0.59,0.88,4.01,-6.45,0,1
666,21,1,2.16,2.86,1.26,4.71,0.91,11.9,7.89,0,4
667,12,0,2.3,1.16,1.05,2.19,1.64,8.34,-3.56,0,1
668,5,0,2.44,1.51,2.03,1.99,2.19,10.16,1.82,0,1
669,23,0,0.68,2.34,0.91,1.8,0.87,6.6,-3.56,0,2
670,15,0,2.31,1.69,1.64,1.61,0.69,7.94,1.34,0,1
671,7,1,2.5,2.59,3.16,3.64,3.62,15.51,7.57,0,4
672,16,0,1.47,2.18,1.4,1.84,2.14,9.03,-6.48,0,2
673,11,0,1.01,0.83,1.74,0.97,1.85,6.4,-2.63,0,5
674,9,0,1.33,1.89,0.7,2.13,2.11,8.16,1.76,0,4
675,23,0,0.56,0.67,1.87,1.13,1.83,6.06,-2.1,0,3
676,20,1,1.76,3.96,1.33,3.47,3.66,14.18,8.12,0,2
677,16,0,2.0,0.63,2.17,1.12,2.11,8.03,-6.15,0,3
678,7,1,4.11,0.67,3.93,4.74,1.32,14.77,6.74,0,4
679,2,0,0.51,2.15,1.1,1.93,0.59,6.28,-8.49,0,2
680,11,0,0.84,1.47,1.61,1.47,2.35,7.74,1.46,0,5
681,19,1,2.12,4.98,4.44,1.75,0.7,13.99,6.25,0,2
682,19,1,3.16,4.5,4.8,2.47,4.1,19.03,5.04,1,3
683,1,0,1.73,1.04,0.92,1.74,1.29,6.72,-12.31,0,4
684,1,0,1.11,1.48,1.18,1.73,1.46,6.96,0.24,0,4
685,15,0,1.27,1.58,2.37,1.72,1.11,8.05,1.09,0,3
686,6,1,4.18,2.27,4.72,1.22,0.88,13.27,5.22,0,3
687,8,1,3.68,3.03,1.64,1.31,4.26,13.92,0.65,0,5
688,13,0,0.51,1.14,1.58,2.38,0.84,6.45,-7.47,0,4
689,6,1,0.85,3.96,1.79,4.8,2.73,14.13,7.68,0,4
690,1,0,1.6,2.24,2.32,1.95,1.18,9.29,-4.84,0,3
691,16,0,1.52,1.62,0.66,2.47,1.87,8.14,-1.15,0,4
692,8,1,1.33,4.1,2.07,1.6,0.61,9.71,1.57,0,2
693,13,0,1.69,0.64,1.43,0.81,0.78,5.35,-4.36,0,1
694,8,1,0.73,1.27,2.92,2.62,0.9,8.44,3.09,0,3
695,18,1,2.16,2.14,2.58,0.6,4.28,11.76,3.32,0,5
696,13,0,1.35,1.75,1.28,1.37,0.74,6.49,-5.27,0,2
697,9,0,0.98,1.65,0.88,1.73,0.58,5.82,-0.67,0,4
698,5,0,1.55,1.97,2.32,1.19,1.99,9.02,3.2,0,3
699,1,0,1.17,2.02,0.97,1.61,1.44,7.21,-1.81,0,2
700,4,0,1.93,1.2,0.82,1.65,0.76,6.36,-0.85,0,1
701,6,1,4.41,3.48,3.84,4.79,1.43,17.95,11.59,0,4
702,4,0,2.02,2.39,1.12,1.83,1.39,8.75,-9.2,0,2
703,21,1,1.93,4.81,3.59,2.35,1.35,14.03,5.28,0,2
704,13,0,0.71,2.01,1.8,0.62,1.73,6.87,-7.16,0,2
705,4,0,1.25,2.22,1.82,0.57,1.32,7.18,0.31,0,2
706,0,0,1.93,1.87,1.74,1.12,1.19,7.85,0.67,0,1
707,0,0,1.27,0.71,2.38,0.71,0.93,6.0,-1.85,0,3
708,2,0,2.48,0.63,0.82,2.11,1.18,7.22,1.22,0,1
709,14,0,2.02,1.15,2.02,2.18,1.51,8.88,1.66,0,4
710,13,0,2.49,1.24,0.69,2.23,0.58,7.23,-1.65,0,1
711,8,1,0.67,2.8,2.98,3.15,3.86,13.46,6.23,0,5
712,22,0,2.27,1.55,2.49,2.08,1.65,10.04,-3.42,0,3
713,6,1,4.31,4.87,4.93,3.61,4.67,22.39,12.35,1,3
714,23,0,1.79,1.9,1.75,1.63,0.9,7.97,-14.42,0,2
715,12,0,1.71,2.44,0.76,1.45,1.05,7.41,-0.56,0,2
716,8,1,4.7,4.88,4.02,3.71,2.77,20.08,12.67,1,2
717,19,1,1.84,2.22,4.8,4.25,2.06,15.17,-4.91,0,3
718,22,0,1.76,1.31,2.09,1.15,2.06,8.37,-6.8,0,3
719,5,0,1.29,1.61,1.35,2.08,2.13,8.46,0.09,0,5
720,11,0,1.28,1.86,1.14,0.68,2.46,7.42,-1.04,0,5
721,8,1,3.91,1.85,2.65,0.85,2.45,11.71,4.29,0,1
722,4,0,1.72,0.67,2.12,1.15,2.37,8.03,-3.68,0,5
723,23,0,2.14,2.09,1.78,2.13,0.86,9.0,0.97,0,1
724,6,1,1.23,3.61,3.18,4.43,1.36,13.81,4.81,0,4
725,23,0,1.21,2.39,0.55,2.22,2.06,8.43,-5.38,0,2
726,16,0,1.67,2.23,0.9,2.12,1.88,8.8,0.37,0,2
727,13,0,0.75,1.55,1.75,0.73,0.75,5.53,-3.27,0,3
728,7,1,1.46,3.51,3.27,4.29,1.2,13.73,8.2,0,4
729,2,0,0.89,1.59,1.09,1.7,0.62,5.89,-7.84,0,4
730,8,1,3.05,1.46,4.23,2.99,2.44,14.17,8.28,0,3
731,2,0,2.26,2.13,0.77,0.71,1.84,7.71,-6.46,0,1
732,13,0,1.1,1.43,2.46,1.03,1.79,7.81,0.1,0,3
733,23,0,1.42,1.1,1.69,2.04,1.83,8.08,0.27,0,4
734,9,0,1.03,2.05,1.33,2.17,0.83,7.41,-0.67,0,4
735,12,0,1.1,0.81,2.46,0.51,2.16,7.04,-0.37,0,3
736,7,1,4.34,3.64,1.86,4.58,0.72,15.14,8.1,0,4
737,15,0,2.22,1.08,2.05,1.56,1.14,8.05,-7.09,0,1
738,13,0,2.25,1.28,1.17,0.62,1.17,6.49,-1.56,0,1
739,19,1,3.92,3.33,0.94,1.72,4.27,14.18,7.69,0,5
740,0,0,1.83,2.33,1.28,1.27,2.16,8.87,-5.31,0,2
741,22,0,2.47,2.02,0.95,0.59,1.04,7.07,-1.8,0,1
742,10,0,2.21,1.46,1.44,2.13,1.07,8.31,1.24,0,1
743,1,0,1.61,1.94,0.68,1.98,1.52,7.73,-0.58,0,4
744,7,1,3.46,4.51,1.68,3.9,4.88,18.43,10.7,1,5
745,6,1,3.21,3.06,4.12,1.31,4.96,16.66,-1.77,0,5
746,7,1,1.15,3.98,4.0,2.62,3.39,15.14,-1.52,0,3
747,20,1,2.48,4.76,3.61,2.62,4.44,17.91,2.77,0,2
748,21,1,3.47,1.81,1.61,4.84,4.75,16.48,-1.43,0,4
749,12,0,1.4,2.46,2.24,2.14,1.92,10.16,-6.32,0,2
750,4,0,0.83,0.91,1.11,1.79,1.86,6.5,-3.66,0,5
751,21,1,3.29,1.25,2.13,4.8,0.73,12.2,5.7,0,4
752,12,0,1.34,1.66,0.65,1.66,0.79,6.1,-6.1,0,2
753,6,1,2.0,1.32,3.33,3.31,1.71,11.67,5.57,0,3
754,5,0,0.66,1.89,2.43,1.69,1.23,7.9,-3.77,0,3
755,4,0,1.21,1.39,0.77,1.84,1.18,6.39,-1.51,0,4
756,19,1,2.64,3.93,3.38,2.8,1.58,14.33,7.94,0,2
757,4,0,2.17,1.1,2.13,1.51,1.32,8.23,-6.1,0,1
758,6,1,4.97,4.48,2.05,4.46,1.31,17.27,9.04,0,1
759,22,0,1.93,2.2,1.87,2.09,2.28,10.37,-6.9,0,5
760,13,0,0.87,0.7,1.04,1.61,2.02,6.24,-4.13,0,5
761,8,1,3.88,2.08,2.82,2.76,3.12,14.66,8.42,0,1
762,5,0,2.19,2.1,1.96,1.72,1.43,9.4,-5.26,0,1
763,15,0,1.41,0.65,1.25,0.83,1.29,5.43,-3.97,0,1
764,1,0,1.86,1.51,1.2,1.95,0.52,7.04,1.61,0,4
765,7,1,2.56,4.52,1.68,4.0,4.48,17.24,10.2,0,2
766,8,1,0.59,2.99,3.53,2.7,1.74,11.55,-5.69,0,3
767,22,0,2.2,2.01,1.29,0.74,0.64,6.88,-4.67,0,1
768,18,1,4.49,4.23,4.61,1.25,2.49,17.07,10.19,0,3
769,11,0,0.55,1.71,2.27,0.69,2.14,7.36,-9.71,0,3
770,2,0,0.7,1.65,1.21,1.93,1.15,6.64,-0.72,0,4
771,17,0,2.07,0.92,1.23,2.39,0.85,7.46,0.82,0,4
772,4,0,1.07,2.49,1.98,1.81,2.27,9.62,2.16,0,2
773,8,1,2.02,2.53,1.62,3.09,1.11,10.37,0.75,0,4
774,22,0,2.31,2.19,1.73,1.79,2.08,10.1,-0.27,0,1
775,1,0,0.77,1.07,2.15,2.37,1.23,7.59,-2.51,0,4
776,8,1,4.88,1.52,2.2,0.95,2.74,12.29,4.7,0,1
777,13,0,1.63,2.29,1.78,2.25,1.61,9.56,-2.73,0,2
778,4,0,1.58,1.3,1.14,1.43,1.35,6.8,-2.76,0,1
779,17,0,1.64,2.1,1.4,1.35,2.37,8.86,2.06,0,5
780,7,1,2.65,2.02,1.38,1.03,2.88,9.96,1.1,0,5
781,18,1,2.0,2.86,3.64,3.24,2.45,14.19,4.23,0,3
782,4,0,2.0,1.16,0.99,0.91,1.27,6.33,-7.86,0,1
783,5,0,2.16,1.26,1.71,2.37,1.3,8.8,2.47,0,4
784,6,1,3.48,0.75,3.69,3.82,4.25,15.99,7.19,0,5
785,12,0,0.55,1.74,0.54,1.96,1.75,6.54,-9.45,0,4
786,2,0,1.51,0.87,1.01,2.49,0.99,6.87,0.33,0,4
787,1,0,1.29,2.44,2.04,1.18,1.66,8.61,1.74,0,2
788,20,1,3.48,1.94,3.21,4.87,3.89,17.39,8.78,0,4
789,6,1,1.51,0.99,0.55,4.11,4.87,12.03,-5.36,0,5
790,21,1,4.2,1.57,1.68,2.56,3.38,13.39,1.36,0,1
791,20,1,1.55,4.95,1.04,3.57,3.45,14.56,1.17,0,2
792,9,0,1.78,2.29,1.12,2.3,1.26,8.75,-5.81,0,4
793,3,0,1.18,1.32,1.86,1.73,0.87,6.96,-1.79,0,3
794,19,1,0.95,1.97,1.92,4.95,3.5,13.29,6.33,0,4
795,13,0,2.09,1.53,2.18,1.47,0.9,8.17,-5.12,0,3
796,19,1,3.08,1.74,1.96,3.08,1.21,11.07,2.9,0,1
797,18,1,4.48,3.88,4.5,3.15,1.77,17.78,6.71,0,3
798,12,0,2.14,1.52,1.32,0.94,2.06,7.98,-9.8,0,1
799,1,0,1.28,1.35,0.63,2.07,0.84,6.17,-1.81,0,4
800,18,1,4.56,1.11,4.83,4.11,4.22,18.83,12.66,1,3
801,19,1,1.31,0.54,2.16,4.99,2.33,11.33,-7.5,0,4
802,3,0,1.56,1.38,0.89,1.37,1.07,6.27,-5.06,0,1
803,23,0,1.41,0.74,0.84,1.83,0.9,5.72,-0.55,0,4
804,23,0,1.64,0.61,1.61,1.9,1.56,7.32,1.6,0,4
805,0,0,1.9,1.08,0.93,2.5,0.94,7.35,0.03,0,4
806,0,0,0.9,1.98,2.05,2.35,0.83,8.11,0.76,0,4
807,11,0,1.84,1.35,1.65,1.39,1.59,7.82,-0.29,0,1
808,5,0,1.29,2.28,1.96,1.42,2.02,8.97,1.15,0,2
809,13,0,0.74,1.4,0.88,2.27,0.71,6.0,-2.97,0,4
810,14,0,2.41,2.4,2.42,2.11,1.77,11.11,5.11,0,3
811,19,1,4.01,0.64,0.96,2.55,4.71,12.87,1.76,0,5
812,5,0,2.09,1.78,1.65,1.35,1.45,8.32,-4.55,0,1
813,5,0,2.3,1.34,2.44,1.43,0.69,8.2,-0.12,0,3
814,2,0,1.57,2.38,2.28,1.08,0.63,7.94,-0.26,0,2
815,11,0,1.27,2.28,1.49,1.95,2.23,9.22,1.28,0,2
816,8,1,2.48,1.34,3.23,2.25,4.13,13.43,4.21,0,5
817,14,0,1.71,2.15,1.95,1.79,1.17,8.77,-4.66,0,2
818,0,0,1.78,1.78,1.63,2.44,0.58,8.21,-0.56,0,4
819,4,0,0.83,2.06,2.01,1.42,1.47,7.79,-0.42,0,2
820,14,0,0.74,2.21,2.47,0.95,1.39,7.76,-0.03,0,3
821,12,0,1.06,1.77,0.76,2.39,1.81,7.79,0.03,0,4
822,21,1,1.53,4.04,0.52,3.48,0.65,10.22,2.43,0,2
823,0,0,1.67,2.18,1.31,0.55,1.41,7.12,-3.1,0,2
824,17,0,1.77,1.7,1.54,0.53,2.14,7.68,0.56,0,5
825,17,0,0.93,1.61,1.05,2.3,0.9,6.79,-0.89,0,4
826,10,0,1.53,1.08,1.34,0.67,1.49,6.11,-0.68,0,1
827,0,0,1.41,1.11,0.67,2.48,2.07,7.74,1.63,0,4
828,3,0,1.22,1.07,1.2,2.07,0.82,6.38,-1.36,0,4
829,20,1,1.92,3.71,3.26,2.67,4.48,16.04,9.66,0,5
830,22,0,1.36,0.52,0.79,1.68,1.56,5.91,-10.13,0,4
831,14,0,2.15,2.31,1.13,1.34,0.59,7.52,1.61,0,2
832,1,0,2.2,1.27,2.19,1.45,1.04,8.15,0.63,0,1
833,5,0,1.08,2.4,1.26,1.51,2.14,8.39,0.24,0,2
834,3,0,2.47,0.86,1.52,0.56,2.22,7.63,-0.76,0,1
835,19,1,3.03,3.37,3.2,4.97,4.9,19.47,11.84,1,4
836,22,0,1.32,2.17,0.88,0.72,1.51,6.6,-12.87,0,2
837,20,1,4.08,3.63,2.11,1.2,0.58,11.6,5.0,0,1
838,13,0,2.46,0.54,1.09,0.79,0.89,5.77,-5.83,0,1
839,16,0,1.65,1.69,1.76,0.67,0.77,6.54,0.77,0,3
840,10,0,1.03,1.36,2.47,1.13,1.46,7.45,0.91,0,3
841,22,0,2.4,0.9,1.19,1.89,1.0,7.38,-0.07,0,1
842,18,1,4.93,4.37,2.84,0.97,1.6,14.71,7.33,0,1
843,6,1,1.3,0.8,3.3,1.6,3.17,10.17,-4.54,0,3
844,11,0,0.85,1.55,2.16,1.41,0.52,6.49,-3.68,0,3
845,14,0,1.56,1.7,1.3,1.24,1.75,7.55,1.06,0,5
846,18,1,2.06,4.21,4.14,2.55,0.59,13.55,6.0,0,2
847,2,0,1.37,1.05,1.25,1.67,0.54,5.88,-7.67,0,4
848,10,0,1.53,1.22,1.48,1.66,1.06,6.95,1.07,0,4
849,14,0,1.88,1.5,1.89,2.18,2.38,9.83,2.88,0,5
850,5,0,0.88,1.57,0.64,2.12,2.1,7.31,-2.52,0,4
851,10,0,1.9,0.93,1.39,2.26,2.03,8.51,1.2,0,4
852,11,0,1.95,2.23,0.67,1.06,1.96,7.87,-0.64,0,2
853,18,1,3.52,1.83,1.94,3.61,1.81,12.71,4.84,0,4
854,4,0,1.46,1.59,2.23,1.19,1.04,7.51,-5.2,0,3
855,16,0,1.08,1.57,1.0,2.06,0.74,6.45,-1.06,0,4
856,17,0,1.44,2.24,1.53,2.23,1.92,9.36,2.91,0,2
857,19,1,1.38,4.64,3.59,1.36,4.85,15.82,6.46,0,5
858,19,1,3.04,1.01,4.45,4.34,4.6,17.44,1.62,0,5
859,0,0,2.03,1.8,2.24,2.4,2.14,10.61,-6.83,0,4
860,10,0,1.03,1.08,2.13,1.16,1.96,7.36,-3.25,0,3
861,20,1,0.66,3.45,1.21,0.77,2.12,8.21,0.85,0,2
862,3,0,1.82,1.8,0.88,2.27,2.01,8.78,0.57,0,4
863,5,0,1.06,1.91,1.07,1.15,0.69,5.88,-2.9,0,2
864,15,0,1.04,0.5,0.65,1.81,0.7,4.7,-1.18,0,4
865,23,0,1.15,1.67,0.73,2.1,0.98,6.63,1.93,0,4
866,13,0,0.63,1.05,1.03,1.04,0.58,4.33,-2.3,0,2
867,21,1,2.51,3.55,4.98,4.94,2.02,18.0,13.67,0,3
868,13,0,0.66,1.53,0.55,1.24,1.76,5.74,-12.26,0,5
869,5,0,2.46,0.66,1.6,1.57,1.34,7.63,1.89,0,1
870,17,0,1.53,1.06,0.66,2.01,2.17,7.43,-0.2,0,5
871,14,0,1.97,0.84,0.68,2.36,2.37,8.22,0.79,0,5
872,18,1,3.19,1.54,2.69,2.23,2.6,12.25,4.03,0,1
873,8,1,1.15,1.87,2.69,3.38,4.49,13.58,1.33,0,5
874,8,1,4.95,1.95,3.4,2.29,4.87,17.46,3.88,0,1
875,21,1,1.03,3.65,1.16,0.57,0.88,7.29,-10.17,0,2
876,1,0,1.48,0.95,0.57,2.25,2.33,7.58,0.29,0,5
877,18,1,1.27,1.27,2.65,3.28,2.69,11.16,3.58,0,4
878,23,0,1.64,0.69,1.62,0.76,1.86,6.57,-4.59,0,5
879,9,0,2.43,0.74,1.96,1.6,0.73,7.46,0.89,0,1
880,2,0,0.92,2.14,1.27,0.91,1.2,6.44,-1.02,0,2
881,21,1,1.05,3.77,4.86,2.65,4.51,16.84,10.4,0,3
882,12,0,1.66,2.4,2.19,1.09,0.99,8.33,-8.51,0,2
883,11,0,1.88,2.46,1.46,0.67,0.53,7.0,-1.33,0,2
884,2,0,1.7,0.81,1.53,0.87,1.45,6.36,-0.64,0,1
885,14,0,2.27,1.12,1.1,2.03,1.9,8.42,2.06,0,1
886,13,0,2.35,1.72,0.58,1.92,2.03,8.6,0.18,0,1
887,8,1,3.86,3.21,0.97,3.06,2.79,13.89,5.29,0,1
888,16,0,1.33,0.89,1.79,2.18,1.26,7.45,-6.44,0,4
889,6,1,0.94,2.3,3.01,3.39,4.53,14.17,6.72,0,5
890,3,0,0.69,2.43,2.44,1.0,2.41,8.97,-5.2,0,3
891,10,0,1.03,1.01,1.42,2.22,2.35,8.03,-0.94,0,5
892,12,0,2.11,2.18,1.65,0.61,1.51,8.06,0.03,0,2
893,20,1,1.75,2.36,2.32,2.63,4.65,13.71,5.65,0,5
894,17,0,1.45,1.65,1.03,0.51,1.89,6.53,-7.18,0,5
895,12,0,0.65,2.16,1.42,0.85,1.68,6.76,0.23,0,2
896,20,1,2.34,2.78,1.91,1.34,3.49,11.86,5.1,0,5
897,23,0,2.17,0.78,0.63,1.28,2.06,6.92,-4.94,0,1
898,6,1,0.77,4.87,1.41,2.97,1.56,11.58,4.66,0,2
899,0,0,1.72,1.84,1.22,2.33,1.16,8.27,-3.31,0,4
900,15,0,0.89,1.02,0.8,1.23,1.92,5.86,-2.41,0,5
901,4,0,1.72,0.97,1.69,1.32,0.8,6.5,0.64,0,1
902,5,0,1.95,0.86,1.3,2.49,1.29,7.89,1.39,0,4
903,20,1,3.01,4.58,3.73,3.35,3.62,18.29,10.4,1,2
904,0,0,1.19,0.53,0.63,0.63,2.3,5.28,-13.01,0,5
905,16,0,2.36,0.94,0.59,2.1,1.81,7.8,2.52,0,1
906,9,0,1.26,1.71,0.65,2.24,2.18,8.04,0.24,0,4
907,4,0,0.7,1.97,0.54,1.54,0.58,5.33,-2.71,0,2
908,15,0,0.59,0.78,1.73,1.96,2.34,7.4,2.07,0,5
909,15,0,1.33,0.73,1.24,1.62,1.74,6.66,-0.74,0,5
910,20,1,2.91,1.8,3.65,3.22,2.23,13.81,7.15,0,3
911,17,0,1.74,1.38,0.93,1.75,2.01,7.81,-6.0,0,5
912,4,0,2.02,0.97,2.07,0.95,1.96,7.97,0.16,0,3
913,20,1,1.8,4.87,2.95,0.54,1.9,12.06,4.09,0,2
914,17,0,1.14,0.52,1.75,0.75,1.92,6.08,-5.98,0,5
915,23,0,1.1,0.55,1.93,1.12,1.97,6.67,0.59,0,5
916,18,1,0.93,0.92,1.04,3.54,1.18,7.61,0.94,0,4
917,20,1,4.55,2.58,1.6,2.74,2.31,13.78,6.17,0,1
918,13,0,2.19,1.04,1.87,0.63,2.17,7.9,-5.88,0,1
919,20,1,4.09,4.36,1.47,1.4,0.56,11.88,3.98,0,2
920,3,0,1.13,0.63,2.03,1.5,1.43,6.72,-5.16,0,3
921,1,0,2.07,2.04,0.87,0.65,2.19,7.82,1.1,0,5
922,23,0,1.47,0.62,1.25,1.07,1.84,6.25,-1.57,0,5
923,5,0,1.37,2.01,1.34,1.54,1.44,7.7,1.45,0,2
924,0,0,2.28,2.07,1.41,1.86,1.96,9.58,1.88,0,1
925,21,1,1.87,1.87,4.12,4.78,2.3,14.94,5.36,0,4
926,17,0,0.86,1.91,0.69,2.03,2.2,7.69,-7.25,0,5
927,22,0,1.39,1.92,1.31,1.23,2.06,7.91,0.22,0,5
928,4,0,1.39,1.64,2.08,2.1,1.08,8.29,0.38,0,4
929,2,0,0.62,1.06,0.6,1.68,0.68,4.64,-3.65,0,4
930,22,0,1.29,1.58,1.58,2.38,1.97,8.8,4.16,0,4
931,14,0,0.81,0.72,1.17,1.12,1.88,5.7,-3.1,0,5
932,18,1,4.66,2.42,3.79,1.12,3.87,15.86,10.16,0,1
933,19,1,4.17,2.05,4.16,4.17,3.87,18.42,2.56,1,1
934,19,1,0.73,1.38,1.34,4.28,1.48,9.21,-9.21,0,4
935,0,0,1.67,2.43,1.0,1.16,0.72,6.98,-2.23,0,2
936,14,0,2.37,0.62,1.2,2.25,1.51,7.95,0.97,0,1
937,4,0,1.84,1.68,1.31,0.94,0.53,6.3,-1.65,0,1
938,2,0,1.85,0.92,1.52,0.51,0.6,5.4,-0.9,0,1
939,16,0,2.48,0.83,2.45,2.24,1.57,9.57,4.17,0,1
940,23,0,1.04,1.43,1.04,0.9,1.84,6.25,-3.32,0,5
941,18,1,1.14,4.37,4.73,3.71,4.4,18.35,12.1,1,3
942,15,0,2.21,2.24,0.55,0.97,1.86,7.83,-10.52,0,2
943,10,0,1.92,1.44,0.5,1.39,1.13,6.38,-1.45,0,1
944,7,1,1.71,2.22,4.0,3.24,1.04,12.21,5.83,0,3
945,21,1,2.07,2.11,3.67,3.15,2.29,13.29,1.08,0,3
946,0,0,2.48,1.17,1.67,0.9,2.4,8.62,-4.67,0,1
947,12,0,1.32,2.06,0.87,2.46,0.83,7.54,-1.08,0,4
948,22,0,2.42,1.28,0.55,1.31,1.26,6.82,-0.72,0,1
949,10,0,2.14,2.34,1.78,2.0,0.51,8.77,1.95,0,2
950,20,1,2.64,1.94,2.7,0.52,4.05,11.85,3.08,0,5
951,15,0,1.72,1.38,1.28,1.32,2.23,7.93,-3.92,0,5
952,22,0,1.58,2.08,0.71,0.53,1.87,6.77,-1.16,0,2
953,11,0,1.02,0.76,1.96,0.79,1.81,6.34,-0.43,0,3
954,6,1,1.42,4.3,4.94,3.74,1.04,15.44,9.1,0,3
955,2,0,1.22,1.7,0.59,2.12,2.49,8.12,-7.32,0,5
956,18,1,5.0,0.7,3.17,3.54,0.98,13.39,5.27,0,1
957,1,0,0.69,2.3,1.29,1.68,0.81,6.77,-6.62,0,2
958,23,0,2.28,1.45,0.78,0.57,1.66,6.74,-0.03,0,1
959,16,0,0.76,1.93,1.28,0.78,0.91,5.66,-1.08,0,2
960,13,0,1.1,1.51,0.72,0.54,2.09,5.96,0.3,0,5
961,21,1,3.63,3.23,4.37,3.08,2.99,17.3,11.34,0,3
962,9,0,0.96,0.64,1.94,0.98,1.26,5.78,-11.52,0,3
963,16,0,2.28,2.46,0.63,1.97,1.15,8.49,2.71,0,2
964,6,1,0.89,3.45,0.54,2.82,2.79,10.49,2.0,0,2
965,4,0,1.48,2.28,2.15,2.12,1.02,9.05,-1.44,0,2
966,17,0,1.37,1.49,0.8,0.65,2.26,6.57,-2.48,0,5
967,9,0,2.45,0.89,1.58,1.56,0.73,7.21,0.64,0,1
968,16,0,2.4,1.32,1.96,2.22,0.52,8.42,1.21,0,1
969,20,1,4.95,1.72,1.33,3.6,3.27,14.87,6.45,0,1
970,16,0,1.62,2.19,1.27,0.84,1.33,7.25,-7.62,0,2
971,14,0,1.76,1.57,0.61,0.9,0.61,5.45,-1.8,0,1
972,21,1,4.24,4.78,3.18,4.29,1.88,18.37,12.92,1,2
973,13,0,1.41,2.12,2.42,0.96,0.61,7.52,-10.85,0,3
974,14,0,0.79,0.66,0.65,1.51,0.9,4.51,-3.01,0,4
975,21,1,4.52,1.08,1.0,2.67,2.63,11.9,7.39,0,1
976,0,0,1.11,0.52,0.76,1.71,0.94,5.04,-6.86,0,4
977,21,1,0.64,4.33,2.23,1.53,3.33,12.06,7.02,0,2
978,21,1,3.77,0.58,3.04,2.5,3.01,12.9,0.84,0,1
979,2,0,1.5,2.39,2.06,1.52,0.62,8.09,-4.81,0,2
980,7,1,1.03,4.4,2.3,2.94,2.59,13.26,5.17,0,2
981,1,0,1.88,0.83,1.96,2.11,1.3,8.08,-5.18,0,4
982,1,0,2.42,0.97,2.25,2.36,1.51,9.51,1.43,0,1
983,9,0,2.23,0.55,0.7,2.45,1.59,7.52,-1.99,0,4
984,21,1,1.01,0.84,1.21,3.35,1.01,7.42,-0.1,0,4
985,17,0,2.49,1.55,2.13,0.59,2.41,9.17,1.75,0,1
986,12,0,2.4,1.35,0.8,1.34,0.73,6.62,-2.55,0,1
987,7,1,1.67,2.09,1.35,1.76,2.39,9.26,2.64,0,5
988,0,0,1.29,1.01,0.51,1.61,1.08,5.5,-3.76,0,4
989,16,0,2.29,0.5,1.54,2.4,1.89,8.62,3.12,0,4
990,22,0,1.33,1.63,2.31,0.55,0.52,6.34,-2.28,0,3
991,11,0,0.97,1.43,1.06,1.58,1.73,6.77,0.43,0,5
992,11,0,1.4,2.36,1.15,2.38,0.53,7.82,1.05,0,4
993,18,1,4.1,3.29,2.59,4.01,2.87,16.86,9.04,0,1
994,16,0,2.15,0.78,2.28,1.61,2.25,9.07,-7.79,0,3
995,21,1,4.85,1.94,2.57,2.45,2.47,14.28,5.21,0,1
996,21,1,2.34,2.66,0.96,0.77,0.63,7.36,-6.92,0,2
997,10,0,1.21,1.28,1.23,1.39,0.72,5.83,-1.53,0,4
998,21,1,4.33,3.34,2.03,1.91,1.22,12.83,7.0,0,1
999,22,0,1.14,0.83,0.78,1.94,1.87,6.56,-6.27,0,4
1000,23,0,1.27,0.61,0.53,2.37,1.18,5.96,-0.6,0,4
1001,14,0,1.62,2.02,1.17,1.23,1.71,7.75,1.79,0,2
1002,14,0,1.0,1.85,1.01,0.65,1.26,5.77,-1.98,0,2
1003,13,0,2.44,0.65,1.7,0.82,2.19,7.8,2.03,0,1
1004,3,0,1.61,1.05,1.58,1.87,0.59,6.7,-1.1,0,4
1005,8,1,1.29,1.64,0.84,4.13,0.71,8.61,1.91,0,4
1006,1,0,1.14,0.97,2.14,1.47,1.76,7.48,-1.13,0,3
1007,21,1,2.4,2.24,1.65,0.73,1.98,9.0,1.52,0,1
1008,5,0,1.02,2.37,1.19,0.94,1.61,7.13,-1.87,0,2
1009,20,1,3.44,3.92,2.89,2.33,1.36,13.94,6.81,0,2
1010,10,0,2.09,1.19,1.67,0.62,0.74,6.31,-7.63,0,1
1011,19,1,3.65,4.71,3.05,4.89,3.17,19.47,13.16,1,4
1012,0,0,1.19,2.29,2.03,1.68,0.99,8.18,-11.29,0,2
1013,12,0,2.4,1.16,0.86,0.96,1.57,6.95,-1.23,0,1
1014,0,0,1.35,2.27,1.43,1.33,1.36,7.74,0.79,0,2
1015,0,0,2.2,1.38,2.31,2.01,1.63,9.53,1.79,0,3
1016,22,0,0.66,1.63,2.49,1.95,0.76,7.49,-2.04,0,3
1017,3,0,1.75,1.73,2.07,2.05,0.72,8.32,0.83,0,3
1018,16,0,0.82,2.46,0.8,0.71,1.71,6.5,-1.82,0,2
1019,9,0,0.59,2.5,1.3,0.56,1.5,6.45,-0.05,0,2
1020,6,1,1.15,3.57,1.44,0.5,1.64,8.3,1.85,0,2
1021,11,0,1.39,2.11,2.06,1.32,2.09,8.97,0.67,0,2
1022,16,0,2.1,0.76,2.05,1.55,1.88,8.34,-0.63,0,1
1023,19,1,1.15,1.07,2.61,3.71,3.93,12.47,4.13,0,5
1024,14,0,1.16,1.28,2.16,1.11,2.04,7.75,-4.72,0,3
1025,18,1,4.26,3.88,4.66,3.78,0.97,17.55,9.8,0,3
1026,7,1,3.41,2.21,4.69,0.61,1.12,12.04,-5.51,0,3
1027,2,0,1.2,1.44,0.79,2.05,2.23,7.71,-4.33,0,5
1028,23,0,0.54,2.03,0.53,1.12,1.07,5.29,-2.42,0,2
1029,23,0,0.84,1.59,1.13,1.8,0.93,6.29,1.0,0,4
1030,23,0,0.51,1.44,0.79,1.52,0.57,4.83,-1.46,0,4
1031,18,1,2.61,4.81,2.34,0.77,1.12,11.65,6.82,0,2
1032,2,0,2.28,0.75,0.87,1.15,0.76,5.81,-5.84,0,1
1033,10,0,0.91,1.75,1.27,0.75,1.03,5.71,-0.1,0,2
1034,8,1,3.26,0.59,1.64,4.53,2.33,12.35,6.64,0,4
1035,13,0,0.57,1.24,1.42,2.4,2.39,8.02,-4.33,0,4
1036,16,0,1.73,0.62,0.66,0.79,1.43,5.23,-2.79,0,1
1037,9,0,1.5,2.49,1.71,1.08,0.52,7.3,2.07,0,2
1038,13,0,1.76,2.03,1.84,1.85,1.77,9.25,1.95,0,2
1039,10,0,2.06,1.26,2.44,2.05,2.17,9.98,0.73,0,3
1040,15,0,1.52,1.05,2.29,1.63,1.03,7.52,-2.46,0,3
1041,18,1,3.82,2.48,3.4,1.92,2.3,13.92,6.4,0,1
1042,12,0,0.98,2.02,0.78,2.42,0.73,6.93,-6.99,0,4
1043,22,0,1.66,1.45,1.71,0.93,1.09,6.84,-0.09,0,3
1044,1,0,2.19,1.11,1.51,2.32,1.94,9.07,2.23,0,4
1045,9,0,1.73,2.12,2.33,1.16,2.42,9.76,0.69,0,5
1046,16,0,0.78,1.35,1.38,1.41,2.17,7.09,-2.67,0,5
1047,19,1,2.74,1.43,4.88,3.16,0.75,12.96,5.87,0,3
1048,4,0,0.59,0.82,0.62,1.26,1.83,5.12,-7.84,0,5
1049,7,1,0.53,3.31,0.93,3.86,4.24,12.87,7.75,0,5
1050,9,0,2.27,1.21,0.72,0.63,2.31,7.14,-5.73,0,5
1051,18,1,4.59,3.74,3.54,1.2,4.57,17.64,10.5,0,1
1052,11,0,1.65,2.37,2.45,1.49,1.08,9.04,-8.6,0,3
1053,18,1,3.41,1.62,3.28,2.88,4.53,15.72,6.68,0,5
1054,21,1,4.69,1.79,2.62,2.72,1.89,13.71,-2.01,0,1
1055,11,0,0.56,2.12,1.51,1.94,1.88,8.01,-5.7,0,2
1056,14,0,1.9,2.1,1.68,0.61,0.77,7.06,-0.95,0,2
1057,13,0,2.14,0.8,1.72,1.32,1.43,7.41,0.35,0,1
1058,12,0,2.31,2.07,0.73,0.87,1.46,7.44,0.03,0,1
1059,5,0,1.65,2.41,1.3,2.31,0.58,8.25,0.81,0,2
1060,23,0,1.35,2.22,1.47,0.62,2.01,7.67,-0.58,0,2
1061,20,1,4.34,2.81,4.51,0.94,3.1,15.7,8.03,0,3
1062,8,1,4.74,2.11,3.93,2.82,3.36,16.96,1.26,0,1
1063,19,1,1.03,3.06,3.81,2.4,2.36,12.66,-4.3,0,3
1064,5,0,0.98,1.03,2.09,0.81,1.92,6.83,-5.83,0,3
1065,23,0,2.12,1.84,1.7,2.24,0.54,8.44,1.61,0,4
1066,21,1,1.01,2.31,0.61,0.96,1.92,6.81,-1.63,0,2
1067,0,0,2.1,0.65,1.95,1.57,2.2,8.47,1.66,0,5
1068,10,0,2.03,1.85,1.35,1.27,1.06,7.56,-0.91,0,1
1069,2,0,2.11,1.92,2.16,0.64,1.25,8.08,0.52,0,3
1070,7,1,3.45,4.9,2.61,2.61,0.86,14.43,6.35,0,2
1071,17,0,1.97,1.21,0.93,1.02,1.83,6.96,-7.47,0,1
1072,14,0,2.3,0.87,2.38,0.79,1.8,8.14,1.18,0,3
1073,22,0,1.09,1.63,1.52,0.57,1.34,6.15,-1.99,0,2
1074,4,0,1.28,2.15,1.88,1.49,1.42,8.22,2.07,0,2
1075,4,0,0.59,1.09,0.8,0.68,1.13,4.29,-3.93,0,5
1076,10,0,2.37,1.38,0.75,0.83,1.74,7.07,2.78,0,1
1077,6,1,3.86,1.65,2.29,2.44,4.23,14.47,7.4,0,5
1078,21,1,2.11,2.13,4.33,3.4,4.54,16.51,2.04,0,5
1079,2,0,2.42,2.03,0.72,1.7,1.84,8.71,-7.8,0,1
1080,21,1,4.52,4.4,2.54,3.09,2.78,17.33,8.62,0,1
1081,21,1,2.36,1.48,3.3,1.13,4.24,12.51,-4.82,0,5
1082,7,1,1.65,3.8,1.05,1.57,3.27,11.34,-1.17,0,2
1083,13,0,1.2,2.47,2.37,1.7,0.55,8.29,-3.05,0,2
1084,10,0,1.72,1.28,0.71,0.69,1.69,6.09,-2.2,0,1
1085,13,0,1.11,1.28,0.81,2.07,1.01,6.28,0.19,0,4
1086,17,0,0.51,0.83,1.4,1.08,0.69,4.51,-1.77,0,3
1087,13,0,0.98,2.45,2.36,2.08,1.09,8.96,4.45,0,2
1088,11,0,1.56,1.57,1.12,1.43,2.2,7.88,-1.08,0,5
1089,23,0,1.99,1.77,1.53,2.09,0.93,8.31,0.43,0,4
1090,11,0,0.8,2.28,1.18,2.43,1.15,7.84,-0.47,0,4
1091,6,1,4.72,4.05,3.01,4.89,2.03,18.7,10.86,1,4
1092,10,0,0.69,1.64,1.52,1.49,1.09,6.43,-12.27,0,2
1093,18,1,2.21,4.49,4.83,2.94,3.96,18.43,12.0,1,3
1094,23,0,1.05,0.61,2.19,2.11,2.43,8.39,-10.04,0,5
1095,14,0,0.56,2.07,1.06,2.02,1.42,7.13,-1.26,0,2
1096,22,0,0.58,1.34,1.78,0.75,1.16,5.61,-1.52,0,3
1097,5,0,2.47,1.68,0.83,0.53,1.25,6.76,1.15,0,1
1098,11,0,1.31,1.41,0.78,0.71,2.35,6.56,-0.2,0,5
1099,4,0,2.32,1.96,2.15,1.18,2.4,10.01,3.45,0,5
1100,6,1,4.23,0.95,1.41,3.48,0.86,10.93,0.92,0,1
1101,21,1,3.31,2.49,4.39,3.53,3.58,17.3,6.37,0,3
1102,17,0,1.12,1.57,2.34,2.25,2.01,9.29,-8.01,0,3
1103,9,0,2.12,1.65,1.47,1.64,0.99,7.87,-1.42,0,1
1104,21,1,1.04,1.74,2.12,1.89,3.52,10.31,2.44,0,5
1105,1,0,1.94,2.31,1.67,1.34,0.97,8.23,-2.08,0,2
1106,19,1,4.92,4.36,4.7,4.89,4.89,23.76,15.53,1,1
1107,17,0,2.28,0.95,1.13,2.17,1.31,7.84,-15.92,0,1
1108,13,0,1.67,1.48,2.24,1.63,1.17,8.19,0.35,0,3
1109,6,1,2.75,4.99,4.1,0.74,4.43,17.01,8.82,0,2
1110,5,0,1.57,2.04,0.86,2.05,1.85,8.37,-8.64,0,4
1111,5,0,0.67,2.27,0.99,2.18,1.28,7.39,-0.98,0,2
1112,5,0,1.29,1.61,2.22,1.51,1.88,8.51,1.12,0,3
1113,16,0,0.99,0.67,2.06,0.6,0.94,5.26,-3.25,0,3
1114,10,0,0.94,0.8,1.78,0.63,1.09,5.24,-0.02,0,3
1115,2,0,1.36,1.93,0.91,2.04,2.37,8.61,3.37,0,5
1116,9,0,2.0,2.03,1.0,2.47,0.8,8.3,-0.31,0,4
1117,0,0,1.03,1.73,1.62,2.08,1.93,8.39,0.09,0,4
1118,16,0,1.38,2.13,2.02,1.2,0.61,7.34,-1.05,0,2
1119,15,0,0.99,1.09,1.01,2.29,0.63,6.01,-1.33,0,4
1120,18,1,0.61,1.92,0.88,2.45,3.85,9.71,3.7,0,5
1121,8,1,1.7,2.59,4.31,4.65,0.53,13.78,4.07,0,4
1122,12,0,2.4,0.99,0.98,0.97,1.81,7.15,-6.63,0,1
1123,18,1,0.59,2.28,2.62,3.73,1.77,10.99,3.84,0,4
1124,14,0,1.15,1.43,2.48,2.17,2.45,9.68,-1.31,0,3
1125,3,0,1.6,0.77,1.29,1.92,2.47,8.05,-1.63,0,5
1126,6,1,0.59,0.82,4.38,1.09,0.57,7.45,-0.6,0,3
1127,12,0,0.62,1.48,0.9,0.53,2.19,5.72,-1.73,0,5
1128,2,0,1.75,1.46,1.94,1.82,0.66,7.63,1.91,0,3
1129,13,0,2.01,0.86,2.47,1.08,1.87,8.29,0.66,0,3
1130,21,1,5.0,1.51,2.28,3.99,1.01,13.79,5.5,0,1
1131,0,0,2.24,0.52,1.9,1.75,0.77,7.18,-6.61,0,1
1132,7,1,3.05,1.09,1.49,1.08,0.95,7.66,0.48,0,1
1133,17,0,0.57,2.0,2.03,1.87,0.61,7.08,-0.58,0,3
1134,4,0,1.74,1.76,2.36,0.81,1.24,7.91,0.83,0,3
1135,21,1,1.45,3.98,0.72,4.83,1.95,12.93,5.02,0,4
1136,23,0,0.5,0.54,1.37,2.45,2.41,7.27,-5.66,0,4
1137,10,0,0.71,1.58,2.19,1.04,1.57,7.09,-0.18,0,3
1138,6,1,1.8,2.23,2.76,4.28,2.17,13.24,6.15,0,4
1139,17,0,1.98,0.84,1.39,0.52,1.17,5.9,-7.34,0,1
1140,20,1,3.39,1.01,3.55,3.85,1.13,12.93,7.03,0,4
1141,20,1,4.94,1.76,4.12,2.45,2.91,16.18,3.25,0,1
1142,5,0,0.84,0.74,1.72,1.49,0.67,5.46,-10.72,0,3
1143,23,0,0.66,2.41,0.57,0.86,1.86,6.36,0.9,0,2
1144,16,0,1.39,0.97,0.77,2.32,1.51,6.96,0.6,0,4
1145,2,0,2.16,2.21,0.96,2.4,2.18,9.91,2.95,0,4
1146,8,1,0.7,1.59,2.33,1.57,3.29,9.48,-0.43,0,5
1147,6,1,0.59,1.99,2.91,2.72,4.22,12.43,2.95,0,5
1148,1,0,1.92,1.13,2.12,1.75,1.26,8.18,-4.25,0,3
1149,19,1,4.01,0.96,4.09,3.1,2.57,14.73,6.55,0,3
1150,22,0,1.89,2.47,0.95,0.9,2.42,8.63,-6.1,0,2
1151,12,0,1.21,2.26,1.16,1.56,1.86,8.05,-0.58,0,2
1152,4,0,1.23,1.81,0.88,2.02,1.15,7.09,-0.96,0,4
1153,5,0,0.67,0.83,2.37,0.98,1.54,6.39,-0.7,0,3
1154,17,0,2.06,1.99,1.58,2.18,1.01,8.82,2.43,0,4
1155,16,0,1.37,2.02,1.98,0.82,2.47,8.66,-0.16,0,5
1156,16,0,1.84,1.99,1.95,1.52,1.46,8.76,0.1,0,2
1157,18,1,3.85,1.16,3.34,1.86,2.23,12.44,3.68,0,1
1158,14,0,1.35,0.73,1.61,2.17,2.39,8.25,-4.19,0,5
1159,8,1,2.53,3.1,0.79,4.07,1.59,12.08,3.83,0,4
1160,13,0,1.85,0.54,2.05,1.21,1.96,7.61,-4.47,0,3
1161,2,0,0.63,0.95,1.78,1.14,1.05,5.55,-2.06,0,3
1162,21,1,4.09,4.12,4.91,1.01,2.83,16.96,11.41,0,3
1163,4,0,2.01,1.05,1.29,1.02,1.61,6.98,-9.98,0,1
1164,19,1,3.82,0.84,1.43,1.08,3.24,10.41,3.43,0,1
1165,1,0,1.09,0.95,1.09,2.32,0.65,6.1,-4.31,0,4
1166,23,0,0.99,1.63,0.71,2.46,2.16,7.95,1.85,0,4
1167,20,1,4.46,2.52,3.48,1.68,0.58,12.72,4.77,0,1
1168,13,0,0.93,2.1,2.4,0.99,1.8,8.22,-4.5,0,3
1169,21,1,1.88,4.14,1.84,2.97,4.34,15.17,6.95,0,5
1170,12,0,2.47,1.35,1.27,1.71,0.51,7.31,-7.86,0,1
1171,23,0,1.82,2.02,1.32,0.54,1.18,6.88,-0.43,0,2
1172,8,1,3.21,4.43,2.25,4.42,4.68,18.99,12.11,1,5
1173,20,1,2.83,1.19,1.85,2.14,2.58,10.59,-8.4,0,1
1174,11,0,0.72,2.06,1.07,2.33,1.62,7.8,-2.79,0,4
1175,9,0,2.48,1.75,1.05,1.37,1.7,8.35,0.55,0,1
1176,7,1,2.74,4.39,3.79,3.34,4.2,18.46,10.11,1,2
1177,18,1,1.89,2.2,3.37,1.79,3.71,12.96,-5.5,0,5
1178,0,0,1.76,0.86,2.18,2.18,1.56,8.54,-4.42,0,3
1179,7,1,3.94,2.14,3.0,2.28,0.58,11.94,3.4,0,1
1180,1,0,1.15,0.54,0.95,1.34,2.4,6.38,-5.56,0,5
1181,15,0,2.47,0.82,2.29,1.55,1.25,8.38,2.0,0,1
1182,5,0,2.42,2.19,2.0,1.71,1.29,9.61,1.23,0,1
1183,9,0,1.68,1.38,1.94,0.93,2.3,8.23,-1.38,0,5
1184,18,1,1.97,1.06,1.16,2.27,3.85,10.31,2.08,0,5
1185,19,1,3.97,1.83,4.17,1.36,4.61,15.94,5.63,0,5
1186,23,0,0.53,2.04,1.98,1.6,1.84,7.99,-7.95,0,2
1187,7,1,1.18,0.99,1.59,0.83,1.17,5.76,-2.23,0,3
1188,22,0,1.02,1.75,1.62,2.43,2.42,9.24,3.48,0,4
1189,9,0,1.3,0.95,1.64,2.04,2.22,8.15,-1.09,0,5
1190,10,0,0.85,1.43,2.26,2.05,2.23,8.82,0.67,0,3
1191,21,1,2.98,4.84,2.85,1.56,2.25,14.48,5.66,0,2
1192,23,0,2.09,2.36,1.53,1.3,1.53,8.81,-5.67,0,2
1193,10,0,1.35,1.32,2.41,0.83,2.41,8.32,-0.49,0,3
1194,4,0,1.02,1.95,0.53,1.19,1.7,6.39,-1.93,0,2
1195,23,0,2.17,1.44,2.28,2.36,0.68,8.93,2.54,0,4
1196,1,0,2.25,0.68,2.34,1.34,2.38,8.99,0.06,0,5
1197,9,0,2.47,1.91,0.89,0.69,2.21,8.17,-0.82,0,1
1198,15,0,1.12,1.45,1.47,0.75,0.55,5.34,-2.83,0,3
1199,10,0,1.84,1.1,1.05,0.8,1.38,6.17,0.83,0,1
1200,22,0,1.38,2.32,1.04,2.21,1.03,7.98,1.81,0,2
1201,1,0,2.4,2.01,0.57,1.5,1.73,8.21,0.23,0,1
1202,21,1,1.37,4.44,3.64,3.08,0.96,13.49,5.28,0,2
1203,9,0,1.78,1.95,2.26,0.78,1.72,8.49,-5.0,0,3
1204,17,0,0.87,0.63,2.34,1.2,0.96,6.0,-2.49,0,3
1205,9,0,0.66,2.45,1.45,1.62,1.02,7.2,1.2,0,2
1206,16,0,0.65,1.96,1.22,1.62,1.62,7.07,-0.13,0,2
1207,6,1,2.24,4.2,0.73,3.0,3.86,14.03,6.96,0,2
1208,22,0,0.96,1.59,1.92,2.13,1.27,7.87,-6.16,0,4
1209,3,0,0.79,2.48,1.04,0.95,2.13,7.39,-0.48,0,2
1210,7,1,4.22,3.11,4.08,3.01,1.49,15.91,8.52,0,1
1211,18,1,0.88,1.39,4.03,0.67,3.49,10.46,-5.45,0,3
1212,20,1,1.18,1.91,1.53,2.98,1.64,9.24,-1.22,0,4
1213,12,0,1.28,2.08,2.26,2.21,1.05,8.88,-0.36,0,3
1214,11,0,1.45,1.62,1.35,1.21,1.97,7.6,-1.28,0,5
1215,11,0,1.6,1.37,1.29,1.33,1.0,6.59,-1.01,0,1
1216,11,0,1.9,1.87,0.89,2.36,2.33,9.35,2.76,0,4
1217,4,0,0.66,0.92,0.7,1.22,0.78,4.28,-5.07,0,4
1218,0,0,1.22,0.89,2.46,2.42,2.17,9.16,4.88,0,3
1219,2,0,1.19,2.4,1.99,2.01,1.01,8.6,-0.56,0,2
1220,23,0,0.98,1.07,1.71,0.62,2.42,6.8,-1.8,0,5
1221,12,0,2.33,1.91,1.43,2.07,2.48,10.22,3.42,0,5
1222,13,0,0.8,1.44,2.49,1.9,2.02,8.65,-1.57,0,3
1223,5,0,1.54,1.29,0.7,1.26,1.97,6.76,-1.89,0,5
1224,4,0,0.8,1.5,0.92,1.18,1.71,6.11,-0.65,0,5
1225,15,0,0.54,1.96,0.97,2.3,2.36,8.13,2.02,0,5
1226,8,1,1.42,1.93,4.33,1.63,1.48,10.79,2.66,0,3
1227,6,1,0.97,0.63,0.62,4.18,4.91,11.31,0.52,0,5
1228,21,1,1.43,0.9,2.86,2.95,1.32,9.46,-1.85,0,4
1229,15,0,0.5,0.79,0.92,1.4,1.3,4.91,-4.55,0,4
1230,8,1,0.85,4.55,1.83,2.51,3.6,13.34,8.43,0,2
1231,16,0,1.36,2.38,2.41,0.95,2.37,9.47,-3.87,0,3
1232,21,1,4.02,0.97,1.88,4.06,2.44,13.37,3.9,0,4
1233,5,0,1.79,1.2,2.1,0.86,2.3,8.25,-5.12,0,5
1234,17,0,0.55,2.1,1.45,2.43,1.04,7.57,-0.68,0,4
1235,12,0,0.94,1.25,1.7,0.67,2.3,6.86,-0.71,0,5
1236,10,0,2.25,1.95,2.28,2.4,2.31,11.19,4.33,0,4
1237,19,1,2.07,4.01,0.92,1.67,3.1,11.77,0.58,0,2
1238,10,0,1.48,0.52,1.91,0.58,1.29,5.78,-5.99,0,3
1239,18,1,3.35,0.62,0.88,4.33,2.98,12.16,6.38,0,4
1240,17,0,1.41,0.87,1.74,2.49,1.19,7.7,-4.46,0,4
1241,19,1,3.01,2.54,1.68,0.82,4.5,12.55,4.85,0,5
1242,5,0,0.85,0.62,0.9,1.06,2.14,5.57,-6.98,0,5
1243,8,1,2.35,3.0,4.4,2.71,4.09,16.55,10.98,0,3
1244,16,0,0.69,1.62,2.2,1.8,1.81,8.12,-8.43,0,3
1245,8,1,4.98,2.52,0.82,1.95,3.25,13.52,5.4,0,1
1246,18,1,1.93,1.38,1.66,1.31,3.63,9.91,-3.61,0,5
1247,14,0,1.45,1.69,2.49,1.63,1.85,9.11,-0.8,0,3
1248,22,0,2.32,1.68,0.99,0.91,0.56,6.46,-2.65,0,1
1249,14,0,1.9,0.55,1.1,1.99,0.79,6.33,-0.13,0,4
1250,7,1,2.46,4.51,4.9,3.17,2.6,17.64,11.31,0,3
1251,3,0,2.28,1.04,2.37,1.87,0.97,8.53,-9.11,0,3
1252,18,1,2.02,4.96,4.0,1.95,4.55,17.48,8.95,0,2
1253,15,0,1.64,1.68,1.59,2.33,0.96,8.2,-9.28,0,4
1254,6,1,3.47,1.84,2.77,1.72,3.37,13.17,4.97,0,1
1255,15,0,2.07,0.81,2.1,2.05,2.18,9.21,-3.96,0,5
1256,9,0,1.55,0.62,1.38,0.66,2.38,6.59,-2.62,0,5
1257,3,0,0.89,1.02,0.94,0.66,1.5,5.01,-1.58,0,5
1258,5,0,1.4,0.67,1.28,2.11,2.47,7.93,2.92,0,5
1259,15,0,0.94,0.84,1.37,1.55,0.57,5.27,-2.66,0,4
1260,23,0,2.3,0.62,2.31,2.44,2.21,9.88,4.61,0,4
1261,16,0,2.31,0.79,1.53,1.03,2.23,7.89,-1.99,0,1
1262,12,0,0.92,2.29,2.23,1.19,1.02,7.65,-0.24,0,2
1263,5,0,2.05,0.89,2.35,2.14,2.37,9.8,2.15,0,5
1264,10,0,1.9,2.0,1.13,1.01,2.37,8.41,-1.39,0,5
1265,21,1,1.99,2.77,2.84,1.62,4.73,13.95,5.54,0,5
1266,19,1,2.16,3.88,4.2,0.8,3.01,14.05,0.1,0,3
1267,8,1,4.28,4.49,1.37,3.52,1.34,15.0,0.95,0,2
1268,21,1,0.93,3.48,4.4,1.44,3.31,13.56,-1.44,0,3
1269,14,0,1.93,1.74,1.33,0.61,2.23,7.84,-5.72,0,5
1270,7,1,4.7,2.35,0.98,2.62,4.51,15.16,7.32,0,1
1271,0,0,2.47,1.99,2.19,1.44,1.76,9.85,-5.31,0,1
1272,4,0,1.27,1.41,2.19,2.01,1.64,8.52,-1.33,0,3
1273,4,0,2.0,1.55,0.95,1.63,0.76,6.89,-1.63,0,1
1274,6,1,2.36,2.77,3.34,4.62,4.31,17.4,10.51,0,4
1275,0,0,2.26,1.86,1.02,2.04,1.18,8.36,-9.04,0,1
1276,10,0,1.55,1.3,0.95,1.26,1.7,6.76,-1.6,0,5
1277,23,0,1.5,2.37,1.31,2.49,1.83,9.5,2.74,0,4
1278,5,0,1.47,0.75,1.54,2.1,1.25,7.11,-2.39,0,4
1279,11,0,2.01,1.81,1.94,2.42,0.54,8.72,1.61,0,4
1280,9,0,1.89,1.72,0.99,1.26,0.99,6.85,-1.87,0,1
1281,0,0,1.27,1.75,1.03,1.02,2.15,7.22,0.37,0,5
1282,15,0,0.58,1.11,0.78,2.06,1.0,5.53,-1.69,0,4
1283,20,1,4.89,0.72,1.99,1.08,4.73,13.41,7.88,0,1
1284,11,0,0.83,2.36,1.15,1.5,1.98,7.82,-5.59,0,2
1285,13,0,2.3,0.63,1.09,1.91,1.9,7.83,0.01,0,1
1286,6,1,3.71,0.78,2.7,0.95,4.53,12.67,4.84,0,5
1287,6,1,1.54,1.75,1.65,3.27,2.65,10.86,-1.81,0,4
1288,23,0,2.42,1.96,2.24,0.68,1.23,8.53,-2.33,0,1
1289,15,0,1.95,2.33,1.14,2.24,2.37,10.03,1.5,0,5
1290,7,1,4.79,1.28,2.46,2.67,1.91,13.11,3.08,0,1
1291,10,0,2.49,1.18,1.35,1.84,0.78,7.64,-5.47,0,1
1292,21,1,4.92,1.29,4.69,3.26,4.95,19.11,11.47,1,5
1293,9,0,2.42,1.54,2.09,1.95,1.14,9.14,-9.97,0,1
1294,4,0,1.98,0.71,1.6,2.14,0.68,7.11,-2.03,0,4
1295,18,1,1.63,0.58,3.87,4.12,2.0,12.2,5.09,0,4
1296,2,0,1.91,1.22,0.72,1.03,2.19,7.07,-5.13,0,5
1297,8,1,2.73,2.34,4.79,0.72,4.1,14.68,7.61,0,3
1298,20,1,1.59,2.39,0.83,2.88,1.18,8.87,-5.81,0,4
1299,20,1,2.31,2.02,3.72,3.92,3.53,15.5,6.63,0,4
1300,18,1,1.68,3.02,2.81,1.8,4.03,13.34,-2.16,0,5
1301,1,0,1.56,2.21,1.87,1.18,1.41,8.23,-5.11,0,2
1302,1,0,1.29,1.54,1.19,0.91,0.85,5.78,-2.45,0,2
1303,16,0,2.19,1.08,1.25,1.7,1.63,7.85,2.07,0,1
1304,18,1,3.88,2.18,3.49,4.66,0.97,15.18,7.33,0,4
1305,17,0,1.4,1.85,1.81,1.54,2.26,8.86,-6.32,0,5
1306,21,1,4.14,4.47,4.96,0.81,3.23,17.61,8.75,0,3
1307,18,1,0.51,4.19,2.36,3.92,0.81,11.79,-5.82,0,2
1308,18,1,1.6,2.01,1.36,2.85,0.93,8.75,-3.04,0,4
1309,14,0,0.73,2.44,2.46,1.42,0.85,7.9,-0.85,0,3
1310,16,0,2.21,1.7,1.52,1.27,0.76,7.46,-0.44,0,1
1311,22,0,0.67,1.78,1.45,2.17,1.87,7.94,0.48,0,4
1312,2,0,2.34,1.3,0.55,0.65,2.4,7.24,-0.7,0,5
1313,13,0,1.03,0.67,1.03,2.08,1.6,6.41,-0.83,0,4
1314,20,1,2.33,3.19,2.63,1.24,0.86,10.25,3.84,0,2
1315,5,0,0.81,2.29,1.29,2.47,1.86,8.72,-1.53,0,4
1316,20,1,3.56,0.94,0.57,2.55,2.28,9.9,1.18,0,1
1317,12,0,0.8,0.83,0.62,2.32,0.67,5.24,-4.66,0,4
1318,5,0,1.34,2.23,1.19,2.1,0.65,7.51,2.27,0,2
1319,5,0,2.03,1.78,0.71,2.41,1.16,8.09,0.58,0,4
1320,5,0,1.89,0.79,2.43,1.7,0.81,7.62,-0.47,0,3
1321,9,0,2.38,2.27,1.78,1.85,1.98,10.26,2.64,0,1
1322,7,1,3.65,0.97,4.73,0.86,4.83,15.04,4.78,0,5
1323,21,1,0.89,3.73,3.34,1.04,4.42,13.42,-1.62,0,5
1324,11,0,0.67,2.27,1.02,2.11,0.6,6.67,-6.75,0,2
1325,11,0,2.34,0.71,2.38,1.88,0.67,7.98,1.31,0,3
1326,12,0,0.58,1.68,2.0,1.23,0.96,6.45,-1.53,0,3
1327,7,1,0.92,3.06,1.46,0.86,2.09,8.39,1.94,0,2
1328,17,0,0.56,1.57,2.42,1.79,0.57,6.91,-1.48,0,3
1329,21,1,1.92,0.8,2.85,0.5,4.55,10.62,3.71,0,5
1330,17,0,0.81,1.44,1.38,1.95,0.82,6.4,-4.22,0,4
1331,21,1,0.61,2.14,2.9,2.68,2.26,10.59,4.19,0,3
1332,18,1,3.68,4.26,3.28,2.24,2.68,16.14,5.55,0,2
1333,11,0,1.64,1.23,1.06,0.69,2.5,7.12,-9.02,0,5
1334,1,0,0.99,1.21,1.69,1.23,2.28,7.4,0.28,0,5
1335,7,1,2.02,3.07,2.98,2.6,4.12,14.79,7.39,0,5
1336,2,0,1.56,1.69,2.02,0.99,1.78,8.04,-6.75,0,3
1337,3,0,0.69,2.19,1.37,2.37,1.56,8.18,0.14,0,4
1338,10,0,1.25,0.55,1.75,0.76,1.12,5.43,-2.75,0,3
1339,1,0,2.48,0.9,2.33,2.06,1.44,9.21,3.78,0,1
1340,22,0,2.24,2.1,1.27,2.23,0.6,8.44,-0.77,0,1
1341,19,1,2.58,2.81,0.54,3.39,4.6,13.92,5.48,0,5
1342,23,0,0.76,1.76,1.34,1.91,0.65,6.42,-7.5,0,4
1343,11,0,1.88,0.8,0.77,2.09,1.74,7.28,0.86,0,4
1344,2,0,1.71,1.81,0.85,1.69,1.47,7.53,0.25,0,2
1345,12,0,1.32,1.86,1.67,0.75,0.78,6.38,-1.15,0,2
1346,22,0,1.85,1.04,2.25,1.06,1.09,7.29,0.91,0,3
1347,12,0,2.38,0.71,1.14,1.25,2.23,7.71,0.42,0,1
1348,23,0,1.18,1.3,1.61,1.4,1.96,7.45,-0.26,0,5
1349,7,1,2.99,4.39,2.41,1.62,3.07,14.48,7.03,0,2
1350,22,0,0.51,2.13,0.85,0.61,1.86,5.96,-8.52,0,2
1351,6,1,4.71,1.18,2.93,4.34,2.78,15.94,9.98,0,1
1352,18,1,1.71,2.39,3.21,4.9,4.72,16.93,0.99,0,4
1353,0,0,0.8,1.92,1.67,0.83,1.85,7.07,-9.86,0,2
1354,18,1,3.81,1.42,4.49,2.42,3.27,15.41,8.34,0,3
1355,20,1,4.04,0.85,2.27,2.86,3.42,13.44,-1.97,0,1
1356,21,1,1.96,2.48,1.94,3.41,4.59,14.38,0.94,0,5
1357,16,0,2.47,2.11,1.71,2.41,1.21,9.91,-4.47,0,1
1358,13,0,0.65,2.2,2.05,0.57,1.44,6.91,-3.0,0,2
1359,4,0,1.99,1.63,1.18,1.19,1.63,7.62,0.71,0,1
1360,1,0,1.48,1.79,2.44,0.63,1.64,7.98,0.36,0,3
1361,18,1,1.65,0.64,2.47,4.45,3.75,12.96,4.98,0,4
1362,13,0,0.84,2.44,0.86,1.37,2.07,7.58,-5.38,0,2
1363,0,0,2.1,0.99,1.52,1.6,0.69,6.9,-0.68,0,1
1364,18,1,2.35,4.46,4.57,3.96,3.53,18.87,11.97,1,3
1365,15,0,1.98,0.86,1.26,0.96,1.16,6.22,-12.65,0,1
1366,6,1,1.57,3.91,4.76,3.22,2.72,16.18,9.96,0,3
1367,2,0,1.34,1.21,1.19,1.0,1.21,5.95,-10.23,0,1
1368,12,0,1.88,1.72,1.61,1.8,2.43,9.44,3.49,0,5
1369,17,0,0.82,1.57,1.18,1.61,1.22,6.4,-3.04,0,4
1370,0,0,1.99,1.54,1.93,1.42,1.66,8.54,2.14,0,1
1371,10,0,0.94,2.08,0.94,1.47,0.62,6.05,-2.49,0,2
1372,15,0,1.23,2.23,1.34,2.25,1.15,8.2,2.15,0,4
1373,3,0,0.63,0.84,2.28,2.42,0.68,6.85,-1.35,0,4
1374,5,0,1.11,0.85,1.88,1.51,2.0,7.35,0.5,0,5
1375,10,0,2.25,0.78,2.24,0.58,1.43,7.28,-0.07,0,1
1376,15,0,2.17,1.59,0.91,2.46,0.99,8.12,0.84,0,4
1377,5,0,2.28,2.48,0.82,2.28,1.27,9.13,1.01,0,2
1378,20,1,1.46,1.27,2.66,4.59,2.18,12.16,3.03,0,4
1379,11,0,0.59,1.68,1.99,1.02,0.64,5.92,-6.24,0,3
1380,6,1,0.89,2.27,1.54,1.46,3.76,9.92,4.0,0,5
1381,18,1,0.95,1.43,4.0,4.78,1.07,12.23,2.31,0,4
1382,5,0,1.63,2.02,0.9,1.8,0.99,7.34,-4.89,0,2
1383,13,0,1.54,1.13,0.81,1.63,0.96,6.07,-1.27,0,4
1384,14,0,0.85,1.6,1.95,2.28,1.28,7.96,1.89,0,4
1385,4,0,1.58,2.33,1.87,1.93,2.3,10.01,2.05,0,2
1386,11,0,2.29,0.89,0.96,0.6,1.86,6.6,-3.41,0,1
1387,0,0,1.52,1.03,0.87,2.2,2.42,8.04,1.44,0,5
1388,1,0,0.6,1.56,2.39,2.31,0.51,7.37,-0.67,0,3
1389,3,0,0.89,2.21,1.27,0.95,0.69,6.01,-1.36,0,2
1390,1,0,1.68,2.19,1.3,2.24,1.89,9.3,3.29,0,4
1391,5,0,1.96,1.9,2.38,1.29,0.87,8.4,-0.9,0,3
1392,22,0,0.57,2.47,1.05,1.88,1.13,7.1,-1.3,0,2
1393,8,1,0.59,1.25,1.09,4.1,1.29,8.32,1.22,0,4
1394,22,0,0.82,1.21,0.87,0.79,1.1,4.79,-3.53,0,2
1395,8,1,1.63,4.74,1.21,3.63,4.28,15.49,10.7,0,2
1396,1,0,0.68,2.31,0.87,1.93,0.55,6.34,-9.15,0,2
1397,16,0,1.56,2.46,1.25,1.09,1.36,7.72,1.38,0,2
1398,10,0,1.9,0.88,1.11,1.07,0.86,5.82,-1.9,0,1
1399,17,0,1.34,0.69,2.18,1.86,0.6,6.67,0.85,0,3
1400,1,0,2.46,1.09,1.22,2.27,2.44,9.48,2.81,0,1
1401,0,0,1.33,0.96,2.44,2.43,1.99,9.15,-0.33,0,3
1402,5,0,1.07,0.82,0.85,1.65,1.97,6.36,-2.79,0,5
1403,8,1,4.21,3.07,2.07,2.83,3.5,15.68,9.32,0,1
1404,8,1,3.88,4.18,2.1,1.42,2.96,14.54,-1.14,0,2
1405,14,0,1.91,2.41,1.75,1.1,1.26,8.43,-6.11,0,2
1406,18,1,0.67,4.57,2.25,3.05,1.02,11.56,3.13,0,2
1407,18,1,1.52,3.85,4.74,1.2,1.23,12.54,0.98,0,3
1408,19,1,3.01,1.01,1.33,4.55,1.03,10.93,-1.61,0,4
1409,19,1,2.79,4.56,3.97,4.32,3.84,19.48,8.55,1,2
1410,23,0,1.27,1.48,1.66,1.41,1.6,7.42,-12.06,0,3
1411,13,0,1.01,0.52,0.61,2.03,2.12,6.29,-1.13,0,5
1412,5,0,1.92,2.41,0.85,1.83,1.27,8.28,1.99,0,2
1413,16,0,0.85,1.97,2.06,1.51,1.26,7.65,-0.63,0,3
1414,3,0,1.57,0.66,2.32,1.42,1.84,7.81,0.16,0,3
1415,18,1,2.86,4.26,3.96,3.43,2.95,17.46,9.65,0,2
1416,10,0,0.87,0.67,1.35,0.67,0.86,4.42,-13.04,0,3
1417,13,0,1.26,1.31,0.6,1.54,2.23,6.94,2.52,0,5
1418,5,0,2.28,1.38,0.74,2.06,0.87,7.33,0.39,0,1
1419,2,0,1.26,1.36,0.58,2.09,1.89,7.18,-0.15,0,4
1420,20,1,1.3,4.92,4.45,3.8,3.88,18.35,11.17,1,2
1421,1,0,1.25,2.0,0.6,0.76,0.51,5.12,-13.23,0,2
1422,22,0,1.12,0.51,0.73,2.02,2.43,6.81,1.69,0,5
1423,14,0,0.56,1.91,2.0,1.23,1.73,7.43,0.62,0,3
1424,23,0,2.17,2.28,1.74,1.2,1.73,9.12,1.69,0,2
1425,15,0,1.7,1.69,0.87,0.76,1.86,6.88,-2.24,0,5
1426,14,0,1.64,2.45,1.4,2.48,2.1,10.07,3.19,0,4
1427,15,0,0.54,1.59,1.32,1.3,2.23,6.98,-3.09,0,5
1428,21,1,4.36,1.69,4.64,0.84,1.52,13.05,6.07,0,3
1429,6,1,2.33,3.99,1.92,4.25,0.52,13.01,-0.04,0,4
1430,19,1,3.75,1.94,4.81,2.11,3.83,16.44,3.43,0,3
1431,14,0,1.7,1.56,0.74,1.38,1.33,6.71,-9.73,0,1
1432,13,0,1.95,2.26,2.05,0.53,0.95,7.74,1.03,0,2
1433,4,0,2.07,2.12,1.32,1.69,0.58,7.78,0.04,0,2
1434,5,0,2.4,2.19,1.5,0.78,1.5,8.37,0.59,0,1
1435,16,0,1.85,0.63,0.61,0.61,0.88,4.58,-3.79,0,1
1436,17,0,0.92,1.68,0.99,1.74,1.07,6.4,1.82,0,4
1437,8,1,4.87,3.78,2.12,0.9,3.18,14.85,8.45,0,1
1438,22,0,2.3,1.74,2.26,1.53,0.8,8.63,-6.22,0,1
1439,20,1,0.78,4.21,1.95,2.26,3.46,12.66,4.03,0,2
1440,11,0,1.69,0.95,1.3,1.64,1.31,6.89,-5.77,0,1
1441,9,0,1.62,2.27,1.18,1.91,1.12,8.1,1.21,0,2
1442,5,0,1.74,1.99,1.49,0.54,2.0,7.76,-0.34,0,5
1443,15,0,0.6,1.56,1.4,1.02,1.37,5.95,-1.81,0,2
1444,6,1,3.66,3.57,3.24,3.53,1.68,15.68,9.73,0,1
1445,1,0,2.18,1.41,2.03,1.08,1.46,8.16,-7.52,0,1
1446,15,0,2.09,1.01,1.68,1.68,1.06,7.52,-0.64,0,1
1447,20,1,3.62,2.06,3.78,3.71,1.69,14.86,7.34,0,3
1448,21,1,4.97,2.01,1.81,0.58,4.6,13.97,-0.89,0,1
1449,9,0,2.47,0.92,0.53,1.83,0.55,6.3,-7.67,0,1
1450,13,0,2.01,2.11,2.08,1.44,1.45,9.09,2.79,0,2
1451,18,1,3.37,0.76,4.14,4.13,4.93,17.33,8.24,0,5
1452,20,1,2.97,3.52,1.45,0.66,4.4,13.0,-4.33,0,5
1453,3,0,1.44,0.67,2.21,2.01,2.0,8.33,-4.67,0,3
1454,17,0,1.55,1.6,1.26,1.3,1.41,7.12,-1.21,0,2
1455,8,1,0.51,2.1,3.07,1.33,2.06,9.07,1.95,0,3
1456,21,1,2.17,4.16,2.88,4.11,4.56,17.88,8.81,0,5
1457,13,0,2.26,1.4,0.9,1.77,2.2,8.53,-9.35,0,1
1458,16,0,1.77,1.66,1.5,1.74,0.84,7.51,-1.02,0,1
1459,4,0,2.46,1.41,0.72,2.48,0.75,7.82,0.31,0,4
1460,0,0,0.73,2.12,1.64,0.71,1.22,6.42,-1.4,0,2
1461,18,1,4.86,2.66,0.74,3.73,1.49,13.48,7.06,0,1
1462,23,0,0.7,1.83,0.94,2.33,0.61,6.41,-7.07,0,4
1463,11,0,1.51,2.22,2.4,1.62,0.97,8.72,2.31,0,3
1464,7,1,4.87,3.07,2.66,4.03,1.22,15.85,7.13,0,1
1465,3,0,1.04,0.81,0.64,1.99,1.3,5.78,-10.07,0,4
1466,1,0,2.32,1.49,1.13,1.73,0.65,7.32,1.54,0,1
1467,20,1,3.93,2.54,3.88,1.88,2.18,14.41,7.09,0,1
1468,0,0,0.83,1.68,0.98,1.42,2.09,7.0,-7.41,0,5
1469,17,0,2.14,1.61,0.88,2.0,0.59,7.22,0.22,0,1
1470,1,0,2.37,2.44,2.28,0.75,0.77,8.61,1.39,0,2
1471,5,0,2.32,1.09,1.6,2.49,2.44,9.94,1.33,0,4
1472,13,0,1.16,2.24,2.06,1.6,2.45,9.51,-0.43,0,5
1473,20,1,4.81,0.63,1.27,2.45,4.14,13.3,3.79,0,1
1474,3,0,1.84,2.12,0.51,0.56,0.88,5.91,-7.39,0,2
1475,1,0,0.92,1.82,2.17,1.54,1.27,7.72,1.81,0,3
1476,18,1,1.87,2.09,2.47,3.99,4.09,14.51,6.79,0,5
1477,22,0,1.66,1.08,1.46,2.21,2.44,8.85,-5.66,0,5
1478,18,1,3.27,2.43,3.85,2.34,3.04,14.93,6.08,0,3
1479,14,0,0.61,2.45,2.19,0.54,1.63,7.42,-7.51,0,2
1480,0,0,1.9,1.16,2.4,0.8,2.35,8.61,1.19,0,3
1481,17,0,0.84,2.44,1.23,0.61,0.79,5.91,-2.7,0,2
1482,10,0,1.41,0.75,2.21,1.08,1.79,7.24,1.33,0,3
1483,3,0,1.53,2.24,2.02,0.64,0.98,7.41,0.17,0,2
1484,14,0,1.93,2.22,2.07,1.49,1.51,9.22,1.81,0,2
1485,22,0,0.58,1.2,0.73,1.93,1.38,5.82,-3.4,0,4
1486,12,0,2.14,1.44,0.89,0.98,1.67,7.12,1.3,0,1
1487,21,1,3.03,3.64,1.71,2.21,2.99,13.58,6.46,0,2
1488,15,0,2.48,1.82,0.7,1.87,0.71,7.58,-6.0,0,1
1489,2,0,1.47,1.53,1.0,1.3,1.02,6.32,-1.26,0,2
1490,14,0,1.79,0.92,1.99,1.21,1.59,7.5,1.18,0,3
1491,10,0,2.37,0.7,1.7,1.36,1.77,7.9,0.4,0,1
1492,11,0,2.19,0.5,1.21,2.05,0.54,6.49,-1.41,0,1
1493,20,1,3.5,2.6,4.48,2.27,1.32,14.17,7.68,0,3
1494,10,0,2.45,1.16,1.76,2.04,1.21,8.62,-5.55,0,1
1495,22,0,2.2,1.85,1.37,1.38,2.14,8.94,0.32,0,1
1496,2,0,1.35,2.44,1.52,0.92,2.37,8.6,-0.34,0,2
1497,17,0,1.51,0.97,2.03,2.11,1.87,8.49,-0.11,0,4
1498,13,0,1.74,0.83,0.73,2.01,1.56,6.87,-1.62,0,4
1499,8,1,0.58,3.68,0.78,2.74,3.16,10.94,4.07,0,2
1500,8,1,4.22,0.94,4.44,3.5,1.77,14.87,3.93,0,3
1501,22,0,2.32,1.7,1.31,0.93,1.02,7.28,-7.59,0,1
1502,11,0,0.79,0.98,0.71,0.76,1.8,5.04,-2.24,0,5
1503,7,1,3.78,2.58,3.26,2.35,2.2,14.17,9.13,0,1
1504,7,1,3.2,2.52,0.54,0.61,0.79,7.66,-6.51,0,1
1505,22,0,2.07,1.86,0.93,2.02,0.55,7.43,-0.23,0,1
1506,23,0,2.04,1.9,2.36,0.99,1.96,9.25,1.82,0,3
1507,16,0,0.59,2.09,1.35,1.44,1.21,6.68,-2.57,0,2
1508,21,1,2.61,2.7,3.11,4.38,4.03,16.83,10.15,0,4
1509,7,1,4.66,3.59,3.55,4.91,3.49,20.2,3.37,1,4
1510,10,0,0.87,1.58,0.58,1.84,1.12,5.99,-14.21,0,4
1511,6,1,0.88,4.21,4.1,3.87,4.01,17.07,11.08,0,2
1512,12,0,1.0,1.5,2.38,2.38,0.9,8.16,-8.91,0,3
1513,8,1,3.57,1.58,3.3,3.31,3.63,15.39,7.23,0,5
1514,8,1,3.27,0.74,3.89,2.47,4.42,14.79,-0.6,0,5
1515,13,0,2.32,2.15,0.59,1.77,1.51,8.34,-6.45,0,1
1516,22,0,2.01,0.95,0.53,1.44,0.55,5.48,-2.86,0,1
1517,10,0,1.72,1.67,1.74,1.08,2.49,8.7,3.22,0,5
1518,15,0,2.32,2.18,1.71,0.95,0.76,7.92,-0.78,0,1
1519,7,1,2.51,3.05,3.64,2.2,3.15,14.55,6.63,0,3
1520,18,1,2.75,3.57,2.1,4.0,1.11,13.53,-1.02,0,4
1521,11,0,1.24,1.04,2.23,1.07,0.72,6.3,-7.23,0,3
1522,21,1,3.13,3.07,3.89,0.8,0.65,11.54,5.24,0,3
1523,20,1,1.08,4.4,3.98,2.85,0.51,12.82,1.28,0,2
1524,5,0,2.42,1.02,1.67,1.08,0.72,6.91,-5.91,0,1
1525,1,0,0.82,0.74,1.5,0.57,2.26,5.89,-1.02,0,5
1526,5,0,0.77,1.92,1.82,1.29,1.91,7.71,1.82,0,2
1527,10,0,2.39,2.19,1.5,1.29,1.92,9.29,1.58,0,1
1528,20,1,3.96,2.83,2.06,1.11,3.77,13.73,4.44,0,1
1529,1,0,1.46,2.21,2.14,0.53,2.38,8.72,-5.01,0,5
1530,12,0,1.63,0.99,0.92,1.22,2.5,7.26,-1.46,0,5
1531,13,0,1.76,2.12,1.09,0.56,2.16,7.69,0.43,0,5
1532,2,0,1.64,0.94,2.48,1.58,1.81,8.45,0.76,0,3
1533,18,1,1.0,3.61,0.73,1.94,4.58,11.86,3.41,0,5
1534,4,0,0.56,2.3,0.97,1.17,1.27,6.27,-5.59,0,2
1535,13,0,1.97,2.28,0.66,1.61,2.35,8.87,2.6,0,5
1536,6,1,2.47,4.21,4.72,0.9,2.14,14.44,5.57,0,3
1537,18,1,4.84,2.84,4.75,1.98,1.79,16.2,1.76,0,1
1538,2,0,1.42,1.89,0.95,1.9,2.49,8.65,-7.55,0,5
1539,22,0,1.09,1.05,1.59,0.8,1.56,6.09,-2.56,0,3
1540,15,0,0.65,2.01,2.01,1.38,1.34,7.39,1.3,0,2
1541,5,0,1.42,1.43,0.7,2.31,0.62,6.48,-0.91,0,4
1542,23,0,0.72,1.47,2.23,2.06,1.24,7.72,1.24,0,3
1543,9,0,0.73,2.06,1.92,1.91,1.37,7.99,0.27,0,2
1544,14,0,0.52,1.01,1.99,0.8,2.24,6.56,-1.43,0,5
1545,12,0,1.57,1.93,1.01,1.05,1.09,6.65,0.09,0,2
1546,1,0,1.78,2.4,1.35,1.9,1.23,8.66,2.01,0,2
1547,9,0,1.96,2.14,2.22,0.81,0.99,8.12,-0.54,0,3
1548,20,1,1.99,3.89,4.4,2.67,3.75,16.7,8.58,0,3
1549,18,1,1.83,1.98,1.22,2.9,4.09,12.02,-4.68,0,5
1550,15,0,1.15,1.62,1.28,1.44,1.9,7.39,-4.63,0,5
1551,21,1,4.34,1.99,1.16,4.25,2.95,14.69,7.3,0,1
1552,0,0,1.17,1.51,2.38,1.14,2.33,8.53,-6.16,0,3
1553,19,1,3.91,0.58,0.74,1.76,3.92,10.91,2.38,0,5
1554,19,1,0.84,4.96,4.77,2.29,1.6,14.46,3.55,0,2
1555,19,1,2.67,2.53,1.93,4.29,3.42,14.84,0.38,0,4
1556,3,0,1.83,2.01,2.25,1.82,1.74,9.65,-5.19,0,3
1557,10,0,2.44,1.5,1.39,0.92,2.01,8.26,-1.39,0,1
1558,10,0,0.95,0.84,1.98,2.34,1.36,7.47,-0.79,0,4
1559,11,0,1.93,1.03,1.11,1.45,1.48,7.0,-0.47,0,1
1560,14,0,1.27,1.94,2.28,0.91,0.65,7.05,0.05,0,3
1561,4,0,2.32,2.11,0.58,2.0,2.04,9.05,2.0,0,1
1562,15,0,1.24,1.39,1.81,1.1,1.31,6.85,-2.2,0,3
1563,18,1,2.61,1.15,1.12,2.11,2.6,9.59,2.74,0,1
1564,21,1,0.85,4.54,4.93,3.24,2.68,16.24,6.65,0,3
1565,1,0,2.0,0.84,2.26,1.67,1.94,8.71,-7.53,0,3
1566,16,0,2.36,0.89,1.98,1.99,0.77,7.99,-0.72,0,1
1567,2,0,1.47,1.18,1.77,1.89,1.15,7.46,-0.53,0,4
1568,18,1,4.27,2.75,3.22,2.13,2.03,14.4,6.94,0,1
1569,2,0,2.13,2.43,1.84,1.42,1.76,9.58,-4.82,0,2
1570,11,0,0.8,2.08,0.97,2.46,1.23,7.54,-2.04,0,4
1571,3,0,0.92,1.0,1.46,2.36,1.94,7.68,0.14,0,4
1572,16,0,2.04,0.72,0.95,1.62,2.48,7.81,0.13,0,5
1573,5,0,0.63,2.01,1.99,2.41,1.82,8.86,1.05,0,4
1574,14,0,0.63,0.65,1.53,0.83,2.48,6.12,-2.74,0,5
1575,21,1,4.09,2.19,2.12,4.8,1.86,15.06,8.94,0,4
1576,7,1,2.96,3.39,2.45,4.53,4.66,17.99,2.93,0,5
1577,16,0,1.85,1.09,0.95,1.42,1.29,6.6,-11.39,0,1
1578,10,0,1.55,1.22,1.43,2.15,1.34,7.69,1.09,0,4
1579,0,0,1.14,1.59,1.79,2.1,1.88,8.5,0.81,0,4
1580,14,0,2.08,0.97,1.17,2.03,2.35,8.6,0.1,0,5
1581,23,0,1.33,1.48,1.97,1.38,1.82,7.98,-0.62,0,3
1582,11,0,1.22,1.94,1.02,1.62,1.71,7.51,-0.47,0,2
1583,9,0,0.87,1.84,2.3,1.01,0.8,6.82,-0.69,0,3
1584,23,0,0.62,2.17,1.08,1.54,1.06,6.47,-0.35,0,2
1585,16,0,0.98,2.07,2.26,1.42,0.55,7.28,0.81,0,3
1586,2,0,0.9,2.38,0.55,0.55,2.0,6.38,-0.9,0,2
1587,19,1,2.9,3.66,0.69,4.42,2.22,13.89,7.51,0,4
1588,13,0,1.76,1.23,1.95,0.85,1.24,7.03,-6.86,0,3
1589,5,0,1.9,0.84,0.58,1.44,1.83,6.59,-0.44,0,1
1590,0,0,2.22,0.79,2.4,0.78,2.39,8.58,1.99,0,3
1591,3,0,2.41,1.95,1.17,2.38,0.67,8.58,0.0,0,1
1592,2,0,0.96,2.28,1.24,2.02,0.73,7.23,-1.35,0,2
1593,20,1,2.71,4.29,3.84,3.73,0.63,15.2,7.97,0,2
1594,16,0,1.76,0.84,2.35,2.26,0.5,7.71,-7.49,0,3
1595,21,1,3.68,3.93,1.53,1.79,0.56,11.49,3.78,0,2
1596,7,1,0.96,2.45,2.17,0.94,4.62,11.14,-0.35,0,5
1597,16,0,1.39,1.35,0.59,0.66,1.54,5.53,-5.61,0,5
1598,15,0,1.62,1.9,2.24,1.12,1.59,8.47,2.94,0,3
1599,12,0,2.14,1.1,2.08,2.04,1.06,8.42,-0.05,0,1
1600,3,0,0.77,0.84,1.96,1.83,2.07,7.47,-0.95,0,5
1601,11,0,2.1,0.95,2.13,1.35,1.62,8.15,0.68,0,3
1602,20,1,1.45,0.99,1.69,2.82,3.22,10.17,2.02,0,5
1603,23,0,1.5,2.07,2.06,2.23,0.73,8.59,-1.58,0,4
1604,21,1,2.63,0.61,4.32,3.56,4.9,16.02,7.43,0,5
1605,8,1,1.91,4.02,4.14,4.52,2.09,16.68,0.66,0,4
1606,7,1,3.03,4.57,4.82,1.29,3.75,17.46,0.78,0,3
1607,10,0,0.57,2.23,1.26,0.74,1.8,6.6,-10.86,0,2
1608,2,0,1.14,1.79,1.98,0.71,2.13,7.75,1.15,0,5
1609,21,1,2.02,2.03,4.97,4.89,4.22,18.13,10.38,1,3
1610,8,1,4.99,4.1,3.87,3.46,4.15,20.57,2.44,1,1
1611,4,0,0.85,2.01,1.61,0.75,1.15,6.37,-14.2,0,2
1612,19,1,1.8,1.59,0.53,3.0,4.2,11.12,4.75,0,5
1613,5,0,2.03,1.54,1.81,1.68,1.3,8.36,-2.76,0,1
1614,6,1,4.35,1.64,3.06,3.17,0.6,12.82,4.46,0,1
1615,8,1,1.52,3.22,2.56,3.18,3.39,13.87,1.05,0,5
1616,23,0,2.07,2.03,1.33,1.2,1.38,8.01,-5.86,0,1
1617,21,1,3.51,1.37,4.29,1.36,4.67,15.2,7.19,0,5
1618,13,0,1.77,0.8,1.46,1.07,0.62,5.72,-9.48,0,1
1619,12,0,1.83,2.05,1.09,2.49,1.91,9.37,3.65,0,4
1620,14,0,1.47,1.61,0.58,1.82,1.08,6.56,-2.81,0,4
1621,5,0,2.08,1.49,0.89,1.56,1.21,7.23,0.67,0,1
1622,12,0,0.52,0.65,1.12,1.84,2.04,6.17,-1.06,0,5
1623,18,1,3.43,3.09,4.78,2.49,3.97,17.76,11.59,0,3
1624,22,0,2.29,2.25,1.23,1.94,0.63,8.34,-9.42,0,1
1625,6,1,3.74,3.52,4.92,2.77,3.2,18.15,9.81,1,3
1626,16,0,0.86,2.19,0.55,1.93,1.87,7.4,-10.75,0,2
1627,7,1,4.48,4.57,2.82,2.4,1.18,15.45,8.05,0,2
1628,16,0,1.04,2.42,2.49,1.49,2.32,9.76,-5.69,0,3
1629,0,0,2.1,1.08,2.39,0.75,1.01,7.33,-2.43,0,3
1630,2,0,1.23,0.57,1.15,1.52,1.77,6.24,-1.09,0,5
1631,6,1,2.03,1.48,2.4,2.78,0.98,9.67,3.43,0,4
1632,3,0,1.5,2.11,0.65,0.74,2.35,7.35,-2.32,0,5
1633,6,1,5.0,4.89,3.42,0.93,1.58,15.82,8.47,0,1
1634,0,0,0.95,1.49,2.01,2.41,2.11,8.97,-6.85,0,4
1635,4,0,0.58,0.68,1.85,1.67,1.54,6.32,-2.65,0,3
1636,1,0,1.09,1.4,0.71,2.34,2.04,7.58,1.26,0,4
1637,1,0,0.67,1.17,1.45,2.15,0.88,6.32,-1.26,0,4
1638,5,0,1.11,1.07,2.03,0.76,0.72,5.69,-0.63,0,3
1639,16,0,1.02,1.73,1.87,2.04,0.62,7.28,1.59,0,4
1640,17,0,0.9,1.44,1.12,2.09,0.7,6.25,-1.03,0,4
1641,11,0,0.89,1.28,0.88,1.25,1.1,5.4,-0.85,0,2
1642,2,0,2.43,2.3,1.08,2.31,1.05,9.17,3.77,0,1
1643,5,0,1.84,1.84,2.44,0.9,1.23,8.25,-0.92,0,3
1644,1,0,1.36,1.17,1.31,1.7,2.22,7.76,-0.49,0,5
1645,10,0,1.55,1.24,0.96,1.66,0.71,6.12,-1.64,0,4
1646,5,0,0.64,0.5,1.49,1.62,2.32,6.57,0.45,0,5
1647,15,0,2.29,1.87,1.2,2.15,1.49,9.0,2.43,0,1
1648,16,0,2.17,0.71,1.41,0.94,1.33,6.56,-2.44,0,1
1649,6,1,1.78,2.77,0.51,3.16,2.16,10.38,3.82,0,4
1650,19,1,2.54,1.59,3.84,1.97,4.04,13.98,3.6,0,5
1651,23,0,1.94,0.67,1.13,1.33,1.98,7.05,-6.93,0,5
1652,1,0,1.14,2.08,0.53,0.61,2.34,6.7,-0.35,0,5
1653,10,0,1.74,0.59,0.69,2.25,1.4,6.67,-0.03,0,4
1654,22,0,1.16,1.9,0.59,1.22,0.99,5.86,-0.81,0,2
1655,17,0,0.72,0.59,0.56,0.75,0.86,3.48,-2.38,0,5
1656,1,0,2.31,1.94,1.84,0.54,1.29,7.92,4.44,0,1
1657,1,0,2.1,1.08,2.25,0.75,1.98,8.16,0.24,0,3
1658,11,0,1.73,1.29,0.82,1.51,0.86,6.21,-1.95,0,1
1659,4,0,1.3,1.45,1.5,0.92,0.64,5.81,-0.4,0,3
1660,4,0,0.94,0.93,0.58,1.7,1.63,5.78,-0.03,0,4
1661,11,0,0.89,2.42,1.99,0.85,1.36,7.51,1.73,0,2
1662,17,0,1.89,0.54,0.59,2.28,0.94,6.24,-1.27,0,4
1663,3,0,1.0,1.12,2.46,2.07,0.77,7.42,1.18,0,3
1664,22,0,0.84,2.2,2.47,0.68,2.23,8.42,1.0,0,3
1665,13,0,2.34,1.79,1.72,0.76,2.34,8.95,0.53,0,1
1666,21,1,2.26,1.41,3.34,2.72,4.42,14.15,5.2,0,5
1667,22,0,0.68,1.08,2.24,1.0,1.05,6.05,-8.1,0,3
1668,7,1,0.91,1.48,3.73,4.79,1.87,12.78,6.73,0,4
1669,17,0,1.06,0.61,1.4,1.55,0.74,5.36,-7.42,0,4
1670,7,1,3.38,1.18,1.38,3.28,3.44,12.66,7.3,0,5
1671,14,0,0.93,2.06,2.07,1.62,1.24,7.92,-4.74,0,3
1672,6,1,1.45,1.41,2.32,2.86,4.35,12.39,4.47,0,5
1673,9,0,2.26,2.36,2.3,1.45,1.19,9.56,-2.83,0,2
1674,11,0,0.53,1.61,2.38,2.18,1.45,8.15,-1.41,0,3
1675,18,1,4.61,1.92,3.77,4.27,3.23,17.8,9.65,0,1
1676,22,0,0.91,1.63,1.1,1.48,0.54,5.66,-12.14,0,2
1677,16,0,0.51,2.2,1.86,1.34,1.92,7.83,2.17,0,2
1678,11,0,1.16,1.55,1.86,1.15,2.32,8.04,0.21,0,5
1679,2,0,1.13,1.41,1.73,1.8,0.62,6.69,-1.35,0,4
1680,19,1,0.96,4.4,2.74,1.55,3.01,12.66,5.97,0,2
1681,2,0,2.29,0.98,0.75,2.25,1.28,7.55,-5.11,0,1
1682,2,0,1.94,1.08,2.11,2.05,1.93,9.11,1.56,0,3
1683,0,0,0.52,1.5,0.95,1.2,1.74,5.91,-3.2,0,5
1684,4,0,0.87,2.07,1.34,1.66,1.64,7.58,1.67,0,2
1685,15,0,2.35,0.75,0.69,0.76,0.86,5.41,-2.17,0,1
1686,16,0,1.12,1.43,0.9,1.64,1.06,6.15,0.74,0,4
1687,15,0,1.36,1.34,2.15,1.29,1.69,7.83,1.68,0,3
1688,23,0,2.25,0.82,2.32,1.19,0.94,7.52,-0.31,0,3
1689,18,1,1.09,4.28,1.94,3.28,3.21,13.8,6.28,0,2
1690,8,1,2.35,2.79,1.98,2.93,2.04,12.09,-1.71,0,4
1691,12,0,0.75,1.38,1.82,1.43,1.09,6.47,-5.62,0,3
1692,3,0,2.3,0.73,2.14,0.52,1.47,7.16,0.69,0,1
1693,7,1,0.57,2.09,3.8,3.45,4.64,14.55,7.39,0,5
1694,13,0,1.13,1.01,1.2,2.09,1.81,7.24,-7.31,0,4
1695,23,0,1.12,1.81,0.92,1.86,0.59,6.3,-0.94,0,4
1696,17,0,2.4,1.77,1.4,1.04,0.58,7.19,0.89,0,1
1697,12,0,2.32,2.37,0.82,1.58,0.87,7.96,0.77,0,2
1698,16,0,2.33,1.94,2.16,1.41,1.16,9.0,1.04,0,1
1699,7,1,1.3,4.83,4.96,1.16,0.62,12.87,3.87,0,3
1700,5,0,2.32,1.48,1.6,1.46,0.83,7.69,-5.18,0,1
1701,14,0,1.29,1.14,1.94,1.67,1.62,7.66,-0.03,0,3
1702,9,0,0.85,2.01,2.16,0.77,2.08,7.87,0.21,0,3
1703,5,0,0.58,2.47,1.89,0.89,2.47,8.3,0.43,0,2
1704,0,0,1.52,1.4,0.55,1.96,1.92,7.35,-0.95,0,4
1705,10,0,1.09,1.26,1.76,1.38,0.69,6.18,-1.17,0,3
1706,0,0,0.74,0.54,1.68,1.43,1.23,5.62,-0.56,0,3
1707,9,0,1.39,2.42,1.71,1.33,1.16,8.01,2.39,0,2
1708,14,0,1.9,2.09,1.41,1.79,1.73,8.92,0.91,0,2
1709,1,0,1.55,2.21,1.55,0.6,0.54,6.45,-2.47,0,2
1710,8,1,2.31,2.03,4.34,3.46,2.76,14.9,8.45,0,3
1711,18,1,2.67,1.22,4.19,4.89,3.86,16.83,1.93,0,4
1712,9,0,0.85,1.0,1.87,1.87,2.41,8.0,-8.83,0,5
1713,8,1,4.64,4.54,1.97,0.89,3.43,15.47,7.47,0,1
1714,16,0,1.72,0.8,2.25,0.85,1.45,7.07,-8.4,0,3
1715,4,0,0.55,1.04,2.29,0.97,1.34,6.19,-0.88,0,3
1716,19,1,2.5,1.75,2.08,3.24,1.63,11.2,5.01,0,4
1717,14,0,2.16,1.42,1.5,1.0,2.16,8.24,-2.96,0,1
1718,14,0,0.6,1.4,1.48,1.53,0.52,5.53,-2.71,0,4
1719,3,0,0.83,2.23,2.26,1.96,1.61,8.89,3.36,0,3
1720,18,1,2.11,4.99,2.84,3.49,0.8,14.23,5.34,0,2
1721,19,1,4.51,2.04,1.11,1.6,3.31,12.57,-1.66,0,1
1722,4,0,1.73,1.45,0.68,0.88,2.03,6.77,-5.8,0,5
1723,2,0,1.7,2.44,1.99,1.98,1.27,9.38,2.61,0,2
1724,16,0,0.92,2.06,2.39,2.12,1.23,8.72,-0.66,0,3
1725,1,0,2.42,2.04,2.38,2.48,1.77,11.09,2.37,0,4
1726,17,0,1.14,2.01,2.01,1.47,1.93,8.56,-2.53,0,2
1727,0,0,1.1,0.65,1.4,2.46,1.21,6.82,-1.74,0,4
1728,23,0,2.38,2.22,2.19,0.71,1.24,8.74,1.92,0,1
1729,11,0,1.63,0.72,2.48,0.77,1.16,6.76,-1.98,0,3
1730,3,0,0.53,2.24,2.33,0.54,0.67,6.31,-0.45,0,3
1731,14,0,2.05,1.84,1.52,2.45,1.31,9.17,2.86,0,4
1732,6,1,2.8,1.1,3.98,1.71,1.88,11.47,2.3,0,3
1733,6,1,2.98,0.52,1.06,2.01,4.91,11.48,0.01,0,5
1734,10,0,1.95,1.88,0.93,0.53,0.9,6.19,-5.29,0,1
1735,17,0,2.49,1.55,1.76,1.01,2.33,9.14,2.95,0,1
1736,2,0,1.57,0.52,1.86,2.11,0.71,6.77,-2.37,0,4
1737,0,0,1.94,1.07,0.75,2.12,1.56,7.44,0.67,0,4
1738,20,1,2.98,2.94,0.55,0.7,1.93,9.1,1.66,0,1
1739,3,0,1.76,2.21,1.56,1.81,2.02,9.36,0.26,0,2
1740,4,0,2.18,1.19,1.12,1.8,1.8,8.09,-1.27,0,1
1741,6,1,5.0,4.77,3.15,1.52,2.6,17.04,8.95,0,1
1742,3,0,2.25,2.36,0.86,1.64,0.63,7.74,-9.3,0,2
1743,8,1,3.43,1.06,2.07,4.54,3.3,14.4,6.66,0,4
1744,14,0,1.98,1.15,2.3,2.04,1.0,8.47,-5.93,0,3
1745,6,1,1.33,4.34,3.58,3.31,4.71,17.27,8.8,0,5
1746,13,0,1.97,0.77,2.31,0.68,2.11,7.84,-9.43,0,3
1747,22,0,0.92,0.58,1.87,1.0,1.05,5.42,-2.42,0,3
1748,22,0,1.8,1.59,0.61,0.84,1.83,6.67,1.25,0,5
1749,10,0,2.07,0.61,2.09,1.24,1.27,7.28,0.61,0,3
1750,7,1,1.88,4.47,1.2,2.86,1.5,11.91,4.63,0,2
1751,10,0,1.47,1.16,0.73,1.39,1.72,6.47,-5.44,0,5
1752,6,1,4.85,4.74,3.18,1.8,3.38,17.95,11.48,0,1
1753,22,0,1.85,0.71,0.93,2.26,1.09,6.84,-11.11,0,4
1754,7,1,3.17,1.11,2.39,0.99,2.5,10.16,3.32,0,1
1755,19,1,2.83,2.26,4.3,1.48,0.59,11.46,1.3,0,3
1756,5,0,0.57,0.72,0.86,2.15,2.16,6.46,-5.0,0,5
1757,19,1,4.05,3.9,3.0,2.3,0.57,13.82,7.36,0,1
1758,10,0,0.99,1.2,1.8,0.89,2.47,7.35,-6.47,0,5
1759,7,1,4.61,4.5,1.49,3.26,2.29,16.15,8.8,0,1
1760,4,0,1.27,1.47,1.94,2.17,0.77,7.62,-8.53,0,4
1761,8,1,1.03,1.88,2.91,0.57,2.08,8.47,0.85,0,3
1762,6,1,2.26,2.01,2.47,4.93,2.47,14.14,5.67,0,4
1763,18,1,1.15,2.15,0.58,0.95,3.42,8.25,-5.89,0,5
1764,15,0,1.5,1.3,1.82,0.6,1.82,7.04,-1.21,0,3
1765,23,0,2.3,2.09,1.97,1.11,2.01,9.48,2.44,0,1
1766,14,0,1.03,2.23,1.8,1.92,1.56,8.54,-0.94,0,2
1767,13,0,1.47,1.79,1.41,1.14,0.5,6.31,-2.23,0,2
1768,1,0,1.1,1.07,0.69,1.49,1.74,6.09,-0.22,0,5
1769,0,0,2.26,0.83,1.23,1.34,2.36,8.02,1.93,0,5
1770,2,0,2.33,1.36,2.46,0.76,1.58,8.49,0.47,0,3
1771,7,1,2.97,4.14,2.55,4.97,3.6,18.23,9.74,1,4
1772,13,0,1.7,2.17,1.53,1.19,1.03,7.62,-10.61,0,2
1773,21,1,4.24,0.58,4.98,3.01,1.6,14.41,6.79,0,3
1774,3,0,0.85,1.19,0.59,2.2,0.78,5.61,-8.8,0,4
1775,11,0,0.79,2.22,0.72,1.04,0.81,5.58,-0.03,0,2
1776,21,1,4.51,3.6,3.54,3.56,3.88,19.09,13.51,1,1
1777,17,0,1.06,1.84,2.39,1.45,1.19,7.93,-11.16,0,3
1778,2,0,0.78,1.86,2.23,0.58,0.75,6.2,-1.73,0,3
1779,12,0,1.46,0.52,2.48,2.2,2.33,8.99,2.79,0,3
1780,21,1,1.48,2.21,3.94,2.44,0.62,10.69,1.7,0,3
1781,4,0,1.72,1.28,2.27,2.46,1.17,8.9,-1.79,0,4
1782,22,0,0.95,1.93,0.72,1.03,1.95,6.58,-2.32,0,5
1783,23,0,1.56,1.37,1.73,1.31,2.46,8.43,1.85,0,5
1784,13,0,0.72,0.75,1.03,0.97,2.43,5.9,-2.53,0,5
1785,14,0,0.83,1.15,0.68,2.25,2.44,7.35,1.45,0,5
1786,6,1,3.24,4.62,2.13,4.89,2.65,17.53,10.18,0,4
1787,11,0,2.22,2.03,1.71,0.99,1.92,8.87,-8.66,0,1
1788,10,0,0.68,1.03,1.45,2.02,2.06,7.24,-1.63,0,5
1789,10,0,2.12,1.56,0.94,1.41,1.36,7.39,0.15,0,1
1790,20,1,4.02,1.58,2.99,4.87,0.81,14.27,6.88,0,4
1791,14,0,1.45,1.5,1.84,0.79,1.23,6.81,-7.46,0,3
1792,11,0,1.49,2.45,0.66,1.08,2.03,7.71,0.9,0,2
1793,15,0,1.83,1.41,1.39,2.11,2.32,9.06,1.35,0,5
1794,4,0,1.84,0.6,0.76,0.84,0.53,4.57,-4.49,0,1
1795,12,0,0.6,1.17,1.06,1.63,1.76,6.22,1.65,0,5
1796,9,0,0.7,2.0,1.31,1.18,1.48,6.67,0.45,0,2
1797,17,0,2.25,1.78,1.71,1.52,1.56,8.82,2.15,0,1
1798,20,1,4.12,0.94,4.95,3.44,3.15,16.6,7.78,0,3
1799,7,1,3.41,1.7,1.65,3.97,2.62,13.35,-3.25,0,4
1800,16,0,0.65,0.85,0.98,0.95,0.61,4.04,-9.31,0,3
1801,22,0,1.05,1.89,2.14,2.02,1.35,8.45,4.41,0,3
1802,13,0,0.64,0.64,0.76,1.73,0.94,4.71,-3.74,0,4
1803,0,0,1.44,1.63,2.06,2.45,2.32,9.9,5.19,0,4
1804,1,0,0.56,1.93,1.4,2.04,2.14,8.07,-1.83,0,5
1805,23,0,0.74,2.23,1.27,0.82,1.39,6.45,-1.62,0,2
1806,3,0,1.13,0.96,2.12,0.77,1.0,5.98,-0.47,0,3
1807,23,0,0.71,0.78,2.0,1.12,2.36,6.97,0.99,0,5
1808,2,0,2.26,2.06,1.22,1.63,0.83,8.0,1.03,0,1
1809,0,0,2.12,2.43,1.7,1.16,1.93,9.34,1.34,0,2
1810,4,0,0.95,0.9,1.01,1.93,2.01,6.8,-2.54,0,5
1811,21,1,2.91,0.94,4.42,1.23,4.46,13.96,7.16,0,5
1812,6,1,4.93,0.87,2.38,3.14,1.75,13.07,-0.89,0,1
1813,15,0,0.56,1.63,1.07,1.16,1.22,5.64,-7.43,0,2
1814,23,0,1.52,0.85,1.48,1.29,1.74,6.88,1.24,0,5
1815,9,0,0.93,1.81,0.9,0.89,1.67,6.2,-0.68,0,2
1816,2,0,0.67,0.55,2.03,1.2,1.47,5.92,-0.28,0,3
1817,13,0,2.0,2.36,2.38,1.45,1.94,10.13,4.21,0,3
1818,9,0,0.53,2.3,1.82,1.26,1.4,7.31,-2.82,0,2
1819,22,0,1.58,1.69,0.88,0.76,2.33,7.24,-0.07,0,5
1820,0,0,1.87,2.13,1.49,1.11,1.22,7.82,0.58,0,2
1821,21,1,2.42,1.53,2.53,1.76,3.02,11.26,3.44,0,5
1822,6,1,4.1,0.67,1.63,4.07,4.82,15.29,4.03,0,5
1823,15,0,1.24,1.3,0.78,1.07,1.0,5.39,-9.9,0,2
1824,16,0,0.6,1.14,0.77,1.85,2.18,6.54,1.15,0,5
1825,8,1,3.37,2.78,3.14,2.35,0.69,12.33,5.79,0,1
1826,5,0,1.96,2.21,1.61,1.06,1.49,8.33,-4.0,0,2
1827,16,0,1.85,1.54,1.83,1.61,1.49,8.32,-0.01,0,1
1828,2,0,1.26,2.35,0.62,2.42,0.94,7.59,-0.73,0,4
1829,13,0,0.89,1.65,1.8,0.96,1.48,6.78,-0.81,0,3
1830,1,0,2.48,1.46,1.58,0.76,2.37,8.65,1.87,0,1
1831,5,0,0.61,2.02,2.42,2.15,1.2,8.4,-0.25,0,3
1832,4,0,1.45,0.92,1.31,1.31,1.34,6.33,-2.07,0,1
1833,11,0,1.39,1.71,1.74,1.9,0.78,7.52,1.19,0,4
1834,8,1,2.58,4.09,4.32,3.92,4.75,19.66,12.14,1,5
1835,15,0,1.59,2.05,0.57,1.24,0.59,6.04,-13.62,0,2
1836,1,0,2.06,2.46,2.29,1.04,1.74,9.59,3.55,0,2
1837,23,0,2.25,0.67,0.58,2.16,1.03,6.69,-2.9,0,1
1838,12,0,1.08,1.01,1.94,1.24,2.39,7.66,0.97,0,5
1839,19,1,1.03,2.35,1.9,2.18,2.6,10.06,2.4,0,5
1840,2,0,2.07,1.78,2.39,0.51,1.98,8.73,-1.33,0,3
1841,0,0,2.46,0.8,1.44,2.08,2.17,8.95,0.22,0,1
1842,18,1,3.34,3.83,4.9,4.44,3.61,20.12,11.17,1,3
1843,9,0,0.89,1.77,0.78,2.22,1.73,7.39,-12.73,0,4
1844,16,0,2.48,2.04,1.03,0.62,0.58,6.75,-0.64,0,1
1845,11,0,1.38,0.6,1.67,1.35,2.35,7.35,0.6,0,5
1846,10,0,1.37,0.83,0.66,0.85,2.11,5.82,-1.53,0,5
1847,5,0,1.99,2.41,1.33,0.75,2.1,8.58,2.76,0,2
1848,11,0,0.51,1.44,0.96,2.43,2.07,7.41,-1.17,0,4
1849,21,1,3.94,2.37,4.02,2.27,4.68,17.28,9.87,0,5
1850,22,0,0.64,0.71,1.46,1.46,1.68,5.95,-11.33,0,5
1851,7,1,2.6,3.62,0.7,2.32,2.63,11.87,5.92,0,2
1852,8,1,4.72,4.24,3.01,2.02,0.95,14.94,3.07,0,1
1853,16,0,2.42,0.86,2.45,1.9,1.78,9.41,-5.53,0,3
1854,12,0,1.04,0.79,1.72,0.56,1.5,5.61,-3.8,0,3
1855,20,1,1.61,2.86,4.06,2.97,2.51,14.01,8.4,0,3
1856,14,0,2.0,1.27,1.04,1.89,2.28,8.48,-5.53,0,5
1857,21,1,4.77,1.54,3.2,1.32,4.62,15.45,6.97,0,1
1858,2,0,0.71,2.16,1.01,0.84,0.85,5.57,-9.88,0,2
1859,14,0,2.08,0.57,0.63,0.93,1.79,6.0,0.43,0,1
1860,2,0,0.99,1.61,2.38,1.37,1.31,7.66,1.66,0,3
1861,13,0,0.54,0.55,1.95,1.69,2.18,6.91,-0.75,0,5
1862,11,0,0.88,0.94,1.23,2.24,1.85,7.14,0.23,0,4
1863,10,0,1.99,1.09,1.9,1.73,1.74,8.45,1.31,0,1
1864,22,0,1.5,1.05,1.12,1.56,1.43,6.66,-1.79,0,4
1865,10,0,0.82,1.76,1.66,0.72,2.33,7.29,0.63,0,5
1866,0,0,1.67,2.43,1.19,1.87,2.49,9.65,2.36,0,5
1867,3,0,1.96,1.44,1.89,0.83,0.71,6.83,-2.82,0,1
1868,0,0,1.87,1.26,0.88,1.0,1.41,6.42,-0.41,0,1
1869,16,0,1.61,1.86,1.67,1.12,0.53,6.79,0.37,0,2
1870,21,1,4.64,0.67,3.07,0.56,3.65,12.59,5.8,0,1
1871,5,0,1.06,1.49,1.72,0.6,1.21,6.08,-6.51,0,3
1872,2,0,1.46,2.0,2.09,1.17,1.89,8.61,2.53,0,3
1873,4,0,2.23,1.67,0.87,1.14,1.08,6.99,-1.62,0,1
1874,17,0,0.76,0.96,2.3,1.34,2.1,7.46,0.47,0,3
1875,6,1,2.7,4.53,4.43,1.05,4.89,17.6,10.14,0,5
1876,13,0,2.3,2.08,0.89,1.18,1.05,7.5,-10.1,0,1
1877,4,0,1.91,0.66,2.48,1.39,1.01,7.45,-0.05,0,3
1878,12,0,1.0,1.26,1.15,1.17,0.55,5.13,-2.32,0,2
1879,16,0,0.67,0.94,1.72,0.54,1.15,5.02,-0.11,0,3
1880,7,1,4.42,1.64,4.61,4.49,2.12,17.28,12.26,0,3
1881,0,0,1.44,2.1,0.72,0.81,0.85,5.92,-11.36,0,2
1882,6,1,2.38,0.71,1.11,1.42,2.13,7.75,1.83,0,1
1883,15,0,0.83,2.35,2.02,2.46,1.0,8.66,0.91,0,4
1884,5,0,0.74,0.74,0.86,2.49,0.96,5.79,-2.87,0,4
1885,6,1,0.79,4.74,1.34,2.73,3.15,12.75,6.96,0,2
1886,22,0,1.71,0.82,2.27,0.97,1.1,6.87,-5.88,0,3
1887,7,1,1.92,3.54,1.77,3.58,3.49,14.3,7.43,0,4
1888,0,0,1.47,1.43,1.33,2.17,0.73,7.13,-7.17,0,4
1889,11,0,1.09,1.06,1.4,0.51,0.75,4.81,-2.32,0,3
1890,16,0,0.84,0.52,1.6,1.65,2.2,6.81,2.0,0,5
1891,1,0,2.13,1.39,2.29,1.48,1.89,9.18,2.37,0,3
1892,17,0,0.66,0.76,0.77,1.65,1.4,5.24,-3.94,0,4
1893,16,0,1.82,1.93,0.71,1.79,1.23,7.48,2.24,0,2
1894,1,0,1.1,2.08,0.92,2.22,0.96,7.28,-0.2,0,4
1895,15,0,0.95,2.22,1.57,1.6,2.1,8.44,1.16,0,2
1896,14,0,1.44,0.55,0.62,2.15,1.64,6.4,-2.04,0,4
1897,16,0,2.32,0.76,2.42,1.04,1.04,7.58,1.18,0,3
1898,16,0,1.66,1.85,0.57,1.87,1.48,7.43,-0.15,0,4
1899,1,0,1.5,2.49,0.94,1.32,1.4,7.65,0.22,0,2
1900,2,0,2.38,1.49,2.0,0.91,1.58,8.36,0.71,0,1
1901,18,1,1.38,1.37,4.7,4.71,3.98,16.14,7.78,0,4
1902,4,0,1.63,2.18,0.72,0.95,0.8,6.28,-9.86,0,2
1903,1,0,0.75,0.78,1.63,1.67,1.21,6.04,-0.24,0,4
1904,5,0,2.38,1.2,2.49,1.92,1.25,9.24,3.2,0,3
1905,1,0,0.62,1.33,1.47,0.97,1.9,6.29,-2.95,0,5
1906,14,0,1.24,2.42,1.05,0.83,1.97,7.51,1.22,0,2
1907,18,1,2.88,3.12,2.9,1.79,4.9,15.59,8.08,0,5
1908,8,1,0.96,3.85,2.05,4.62,0.96,12.44,-3.15,0,4
1909,16,0,2.47,0.86,0.56,1.97,1.61,7.47,-4.97,0,1
1910,14,0,2.06,1.57,2.27,0.74,1.49,8.13,0.66,0,3
1911,20,1,2.38,1.38,1.25,3.95,4.95,13.91,5.78,0,5
1912,18,1,0.89,1.15,3.65,4.17,3.42,13.28,-0.63,0,4
1913,8,1,1.43,4.86,0.56,1.94,0.73,9.52,-3.76,0,2
1914,9,0,2.18,1.44,0.62,2.31,1.19,7.74,-1.78,0,4
1915,2,0,0.64,2.25,1.77,0.93,2.09,7.68,-0.06,0,2
1916,14,0,1.36,1.83,1.28,0.94,2.26,7.67,-0.01,0,5
1917,13,0,0.64,0.55,2.13,1.97,0.84,6.13,-1.54,0,3
1918,10,0,1.84,2.19,0.75,1.52,2.1,8.4,2.27,0,2
1919,1,0,1.65,1.46,2.26,2.4,2.27,10.04,1.64,0,4
1920,14,0,1.95,1.84,1.14,1.41,0.56,6.9,-3.14,0,1
1921,22,0,1.13,0.63,2.35,1.13,0.52,5.76,-1.14,0,3
1922,23,0,2.19,1.57,1.21,1.63,1.3,7.9,2.14,0,1
1923,3,0,0.58,0.54,1.51,1.35,1.48,5.46,-2.44,0,3
1924,10,0,2.33,1.66,1.52,1.62,0.89,8.02,2.56,0,1
1925,2,0,1.16,0.74,2.37,2.05,1.84,8.16,0.14,0,3
1926,22,0,1.16,0.52,2.12,0.77,2.09,6.66,-1.5,0,3
1927,19,1,0.53,1.29,1.11,3.89,1.92,8.74,2.08,0,4
1928,17,0,2.28,0.94,1.78,0.55,1.06,6.61,-2.13,0,1
1929,12,0,2.39,1.65,2.17,2.06,1.22,9.49,2.88,0,1
1930,21,1,2.44,1.52,3.32,1.75,0.85,9.88,0.39,0,3
1931,17,0,2.02,0.61,0.84,1.88,2.21,7.56,-2.32,0,5
1932,19,1,0.82,4.58,2.79,0.62,0.95,9.76,2.2,0,2
1933,17,0,1.26,2.21,1.04,2.31,1.18,8.0,-1.76,0,4
1934,13,0,1.65,1.11,1.29,0.87,2.36,7.28,-0.72,0,5
1935,21,1,0.7,3.72,3.8,3.81,3.17,15.2,7.92,0,4
1936,11,0,2.06,2.29,0.62,2.22,2.02,9.21,-5.99,0,2
1937,2,0,2.14,1.38,2.04,1.23,0.89,7.68,-1.53,0,1
1938,5,0,0.94,0.57,1.32,0.9,1.46,5.19,-2.49,0,5
1939,0,0,2.19,1.82,1.28,0.9,1.8,7.99,2.8,0,1
1940,10,0,1.48,2.05,2.27,2.33,0.85,8.98,0.99,0,4
1941,21,1,2.42,1.52,2.52,0.8,3.15,10.41,1.43,0,5
1942,13,0,1.54,2.04,2.39,1.09,0.68,7.74,-2.67,0,3
1943,17,0,1.45,1.61,2.17,0.94,1.62,7.79,0.05,0,3
1944,22,0,1.85,1.92,2.14,2.31,1.47,9.69,1.9,0,4
1945,22,0,1.49,0.7,2.49,2.07,0.8,7.55,-2.14,0,3
1946,20,1,3.76,1.9,1.64,3.87,4.62,15.79,8.24,0,5
1947,2,0,0.9,0.8,1.55,0.71,2.48,6.44,-9.35,0,5
1948,19,1,3.82,3.89,2.53,3.89,3.2,17.33,10.89,0,2
1949,9,0,1.84,0.61,1.89,0.62,2.25,7.21,-10.12,0,5
1950,6,1,4.89,2.91,2.43,3.43,4.01,17.67,10.46,0,1
1951,17,0,0.78,0.93,2.38,1.69,1.41,7.19,-10.48,0,3
1952,17,0,1.18,1.09,1.3,2.14,1.47,7.18,-0.01,0,4
1953,3,0,1.26,2.45,2.32,0.73,0.83,7.59,0.41,0,2
1954,6,1,3.75,2.82,4.16,3.53,1.84,16.1,8.51,0,3
1955,13,0,2.35,1.18,2.39,0.68,1.1,7.7,-8.4,0,3
1956,2,0,1.96,0.53,0.7,2.17,0.8,6.16,-1.54,0,4
1957,19,1,1.98,1.61,3.88,3.75,1.66,12.88,6.72,0,3
1958,23,0,2.01,1.54,1.05,2.25,0.65,7.5,-5.38,0,4
1959,21,1,3.6,4.59,2.2,1.72,3.58,15.69,8.19,0,2
1960,19,1,2.56,2.45,1.83,2.87,2.21,11.92,-3.77,0,4
1961,11,0,0.78,1.75,0.99,2.16,0.5,6.18,-5.74,0,4
1962,17,0,0.91,1.28,1.21,1.64,1.26,6.3,0.12,0,4
1963,4,0,2.38,1.33,2.33,2.27,0.53,8.84,2.54,0,1
1964,6,1,2.98,1.06,3.6,2.77,4.88,15.29,6.45,0,5
1965,8,1,0.8,1.34,2.97,3.35,4.74,13.2,-2.09,0,5
1966,5,0,0.8,0.74,2.0,2.17,0.53,6.24,-6.96,0,4
1967,17,0,1.84,0.94,1.99,1.61,1.5,7.88,1.64,0,3
1968,22,0,1.94,1.81,0.85,2.47,0.52,7.59,-0.29,0,4
1969,5,0,1.1,2.0,1.72,0.59,1.11,6.52,-1.07,0,2
1970,20,1,1.42,4.28,3.33,3.77,4.29,17.09,10.57,0,5
1971,3,0,1.24,1.72,0.51,2.4,1.06,6.93,-10.16,0,4
1972,23,0,1.62,2.42,1.64,1.3,1.53,8.51,1.58,0,2
1973,22,0,1.35,1.75,1.59,2.02,0.88,7.59,-0.92,0,4
1974,2,0,2.45,1.19,1.32,1.26,1.22,7.44,-0.15,0,1
1975,20,1,2.86,1.56,2.65,4.8,2.83,14.7,7.26,0,4
1976,17,0,0.64,1.08,0.84,1.14,1.26,4.96,-9.74,0,5
1977,20,1,4.9,3.79,1.08,4.58,3.61,17.96,13.0,0,1
1978,11,0,1.28,0.61,1.21,1.7,2.27,7.07,-10.89,0,5
1979,4,0,1.23,0.66,1.99,0.99,1.19,6.06,-1.01,0,3
1980,16,0,2.33,1.01,1.4,1.81,0.59,7.14,1.08,0,1
1981,4,0,1.02,1.76,0.91,1.85,1.39,6.93,-0.21,0,4
1982,16,0,0.68,1.65,0.76,2.06,0.84,5.99,-0.94,0,4
1983,14,0,2.25,1.22,1.93,1.9,1.35,8.65,2.66,0,1
1984,3,0,0.7,2.45,0.78,0.76,0.63,5.32,-3.33,0,2
1985,23,0,2.09,1.58,1.29,1.29,0.77,7.02,1.7,0,1
1986,23,0,0.78,2.0,1.8,0.72,1.83,7.13,0.11,0,2
1987,4,0,1.36,0.78,1.13,1.42,0.79,5.48,-1.65,0,4
1988,12,0,1.7,0.9,0.63,1.87,2.37,7.47,1.99,0,5
1989,23,0,1.36,2.05,2.08,2.34,1.41,9.24,1.77,0,4
1990,7,1,3.53,3.31,1.65,2.34,3.29,14.12,4.88,0,1
1991,11,0,0.64,1.88,1.05,1.94,1.82,7.33,-6.79,0,4
1992,7,1,4.82,4.83,3.46,1.67,1.82,16.6,9.27,0,2
1993,20,1,2.76,1.88,2.33,1.05,0.54,8.56,-8.04,0,1
1994,8,1,4.95,2.47,0.69,2.99,4.48,15.58,7.02,0,1
1995,19,1,1.83,3.47,4.29,4.53,4.06,18.18,2.6,1,4
1996,15,0,1.47,0.59,1.46,1.69,0.9,6.11,-12.07,0,4
1997,14,0,1.47,0.6,1.4,1.7,2.07,7.24,1.13,0,5
1998,9,0,1.97,1.42,1.07,2.09,1.28,7.83,0.59,0,4
1999,20,1,2.81,3.82,1.9,4.39,3.61,16.53,8.7,0,4
